The good mom.	The mom good.
The good girl.	The girl good.
The good person.	The person good.
The good cat.	The cat good.
The good guy.	The guy good.
The good animal.	The animal good.
The good horse.	The horse good.
The good bird.	The bird good.
The good duck.	The duck good.
The good kitty.	The kitty good.
The good dad.	The dad good.
The good cow.	The cow good.
The good elephant.	The elephant good.
The good bunny.	The bunny good.
The good chicken.	The chicken good.
The good dinosaur.	The dinosaur good.
The good mouse.	The mouse good.
The good lady.	The lady good.
The good monkey.	The monkey good.
The good caterpillar.	The caterpillar good.
The good puppy.	The puppy good.
The good rabbit.	The rabbit good.
The good lion.	The lion good.
The good bee.	The bee good.
The good snake.	The snake good.
The good sheep.	The sheep good.
The good tiger.	The tiger good.
The good turtle.	The turtle good.
The good monster.	The monster good.
The good owl.	The owl good.
The good spider.	The spider good.
The good zebra.	The zebra good.
The good kangaroo.	The kangaroo good.
The good giraffe.	The giraffe good.
The good dragon.	The dragon good.
The good turkey.	The turkey good.
The good donkey.	The donkey good.
The good uncle.	The uncle good.
The good woman.	The woman good.
The good goose.	The goose good.
The little mom.	The mom little.
The little girl.	The girl little.
The little person.	The person little.
The little cat.	The cat little.
The little guy.	The guy little.
The little animal.	The animal little.
The little horse.	The horse little.
The little bird.	The bird little.
The little duck.	The duck little.
The little kitty.	The kitty little.
The little dad.	The dad little.
The little cow.	The cow little.
The little elephant.	The elephant little.
The little bunny.	The bunny little.
The little chicken.	The chicken little.
The little dinosaur.	The dinosaur little.
The little mouse.	The mouse little.
The little lady.	The lady little.
The little monkey.	The monkey little.
The little caterpillar.	The caterpillar little.
The little puppy.	The puppy little.
The little rabbit.	The rabbit little.
The little lion.	The lion little.
The little bee.	The bee little.
The little snake.	The snake little.
The little sheep.	The sheep little.
The little tiger.	The tiger little.
The little turtle.	The turtle little.
The little monster.	The monster little.
The little owl.	The owl little.
The little spider.	The spider little.
The little zebra.	The zebra little.
The little kangaroo.	The kangaroo little.
The little giraffe.	The giraffe little.
The little dragon.	The dragon little.
The little turkey.	The turkey little.
The little donkey.	The donkey little.
The little uncle.	The uncle little.
The little woman.	The woman little.
The little goose.	The goose little.
The big mom.	The mom big.
The big girl.	The girl big.
The big person.	The person big.
The big cat.	The cat big.
The big guy.	The guy big.
The big animal.	The animal big.
The big horse.	The horse big.
The big bird.	The bird big.
The big duck.	The duck big.
The big kitty.	The kitty big.
The big dad.	The dad big.
The big cow.	The cow big.
The big elephant.	The elephant big.
The big bunny.	The bunny big.
The big chicken.	The chicken big.
The big dinosaur.	The dinosaur big.
The big mouse.	The mouse big.
The big lady.	The lady big.
The big monkey.	The monkey big.
The big caterpillar.	The caterpillar big.
The big puppy.	The puppy big.
The big rabbit.	The rabbit big.
The big lion.	The lion big.
The big bee.	The bee big.
The big snake.	The snake big.
The big sheep.	The sheep big.
The big tiger.	The tiger big.
The big turtle.	The turtle big.
The big monster.	The monster big.
The big owl.	The owl big.
The big spider.	The spider big.
The big zebra.	The zebra big.
The big kangaroo.	The kangaroo big.
The big giraffe.	The giraffe big.
The big dragon.	The dragon big.
The big turkey.	The turkey big.
The big donkey.	The donkey big.
The big uncle.	The uncle big.
The big woman.	The woman big.
The big goose.	The goose big.
The nice mom.	The mom nice.
The nice girl.	The girl nice.
The nice person.	The person nice.
The nice cat.	The cat nice.
The nice guy.	The guy nice.
The nice animal.	The animal nice.
The nice horse.	The horse nice.
The nice bird.	The bird nice.
The nice duck.	The duck nice.
The nice kitty.	The kitty nice.
The nice dad.	The dad nice.
The nice cow.	The cow nice.
The nice elephant.	The elephant nice.
The nice bunny.	The bunny nice.
The nice chicken.	The chicken nice.
The nice dinosaur.	The dinosaur nice.
The nice mouse.	The mouse nice.
The nice lady.	The lady nice.
The nice monkey.	The monkey nice.
The nice caterpillar.	The caterpillar nice.
The nice puppy.	The puppy nice.
The nice rabbit.	The rabbit nice.
The nice lion.	The lion nice.
The nice bee.	The bee nice.
The nice snake.	The snake nice.
The nice sheep.	The sheep nice.
The nice tiger.	The tiger nice.
The nice turtle.	The turtle nice.
The nice monster.	The monster nice.
The nice owl.	The owl nice.
The nice spider.	The spider nice.
The nice zebra.	The zebra nice.
The nice kangaroo.	The kangaroo nice.
The nice giraffe.	The giraffe nice.
The nice dragon.	The dragon nice.
The nice turkey.	The turkey nice.
The nice donkey.	The donkey nice.
The nice uncle.	The uncle nice.
The nice woman.	The woman nice.
The nice goose.	The goose nice.
The new mom.	The mom new.
The new girl.	The girl new.
The new person.	The person new.
The new cat.	The cat new.
The new guy.	The guy new.
The new animal.	The animal new.
The new horse.	The horse new.
The new bird.	The bird new.
The new duck.	The duck new.
The new kitty.	The kitty new.
The new dad.	The dad new.
The new cow.	The cow new.
The new elephant.	The elephant new.
The new bunny.	The bunny new.
The new chicken.	The chicken new.
The new dinosaur.	The dinosaur new.
The new mouse.	The mouse new.
The new lady.	The lady new.
The new monkey.	The monkey new.
The new caterpillar.	The caterpillar new.
The new puppy.	The puppy new.
The new rabbit.	The rabbit new.
The new lion.	The lion new.
The new bee.	The bee new.
The new snake.	The snake new.
The new sheep.	The sheep new.
The new tiger.	The tiger new.
The new turtle.	The turtle new.
The new monster.	The monster new.
The new owl.	The owl new.
The new spider.	The spider new.
The new zebra.	The zebra new.
The new kangaroo.	The kangaroo new.
The new giraffe.	The giraffe new.
The new dragon.	The dragon new.
The new turkey.	The turkey new.
The new donkey.	The donkey new.
The new uncle.	The uncle new.
The new woman.	The woman new.
The new goose.	The goose new.
The hot mom.	The mom hot.
The hot girl.	The girl hot.
The hot person.	The person hot.
The hot cat.	The cat hot.
The hot guy.	The guy hot.
The hot animal.	The animal hot.
The hot horse.	The horse hot.
The hot bird.	The bird hot.
The hot duck.	The duck hot.
The hot kitty.	The kitty hot.
The hot dad.	The dad hot.
The hot cow.	The cow hot.
The hot elephant.	The elephant hot.
The hot bunny.	The bunny hot.
The hot chicken.	The chicken hot.
The hot dinosaur.	The dinosaur hot.
The hot mouse.	The mouse hot.
The hot lady.	The lady hot.
The hot monkey.	The monkey hot.
The hot caterpillar.	The caterpillar hot.
The hot puppy.	The puppy hot.
The hot rabbit.	The rabbit hot.
The hot lion.	The lion hot.
The hot bee.	The bee hot.
The hot snake.	The snake hot.
The hot sheep.	The sheep hot.
The hot tiger.	The tiger hot.
The hot turtle.	The turtle hot.
The hot monster.	The monster hot.
The hot owl.	The owl hot.
The hot spider.	The spider hot.
The hot zebra.	The zebra hot.
The hot kangaroo.	The kangaroo hot.
The hot giraffe.	The giraffe hot.
The hot dragon.	The dragon hot.
The hot turkey.	The turkey hot.
The hot donkey.	The donkey hot.
The hot uncle.	The uncle hot.
The hot woman.	The woman hot.
The hot goose.	The goose hot.
The hungry mom.	The mom hungry.
The hungry girl.	The girl hungry.
The hungry person.	The person hungry.
The hungry cat.	The cat hungry.
The hungry guy.	The guy hungry.
The hungry animal.	The animal hungry.
The hungry horse.	The horse hungry.
The hungry bird.	The bird hungry.
The hungry duck.	The duck hungry.
The hungry kitty.	The kitty hungry.
The hungry dad.	The dad hungry.
The hungry cow.	The cow hungry.
The hungry elephant.	The elephant hungry.
The hungry bunny.	The bunny hungry.
The hungry chicken.	The chicken hungry.
The hungry dinosaur.	The dinosaur hungry.
The hungry mouse.	The mouse hungry.
The hungry lady.	The lady hungry.
The hungry monkey.	The monkey hungry.
The hungry caterpillar.	The caterpillar hungry.
The hungry puppy.	The puppy hungry.
The hungry rabbit.	The rabbit hungry.
The hungry lion.	The lion hungry.
The hungry bee.	The bee hungry.
The hungry snake.	The snake hungry.
The hungry sheep.	The sheep hungry.
The hungry tiger.	The tiger hungry.
The hungry turtle.	The turtle hungry.
The hungry monster.	The monster hungry.
The hungry owl.	The owl hungry.
The hungry spider.	The spider hungry.
The hungry zebra.	The zebra hungry.
The hungry kangaroo.	The kangaroo hungry.
The hungry giraffe.	The giraffe hungry.
The hungry dragon.	The dragon hungry.
The hungry turkey.	The turkey hungry.
The hungry donkey.	The donkey hungry.
The hungry uncle.	The uncle hungry.
The hungry woman.	The woman hungry.
The hungry goose.	The goose hungry.
The old mom.	The mom old.
The old girl.	The girl old.
The old person.	The person old.
The old cat.	The cat old.
The old guy.	The guy old.
The old animal.	The animal old.
The old horse.	The horse old.
The old bird.	The bird old.
The old duck.	The duck old.
The old kitty.	The kitty old.
The old dad.	The dad old.
The old cow.	The cow old.
The old elephant.	The elephant old.
The old bunny.	The bunny old.
The old chicken.	The chicken old.
The old dinosaur.	The dinosaur old.
The old mouse.	The mouse old.
The old lady.	The lady old.
The old monkey.	The monkey old.
The old caterpillar.	The caterpillar old.
The old puppy.	The puppy old.
The old rabbit.	The rabbit old.
The old lion.	The lion old.
The old bee.	The bee old.
The old snake.	The snake old.
The old sheep.	The sheep old.
The old tiger.	The tiger old.
The old turtle.	The turtle old.
The old monster.	The monster old.
The old owl.	The owl old.
The old spider.	The spider old.
The old zebra.	The zebra old.
The old kangaroo.	The kangaroo old.
The old giraffe.	The giraffe old.
The old dragon.	The dragon old.
The old turkey.	The turkey old.
The old donkey.	The donkey old.
The old uncle.	The uncle old.
The old woman.	The woman old.
The old goose.	The goose old.
The bad mom.	The mom bad.
The bad girl.	The girl bad.
The bad person.	The person bad.
The bad cat.	The cat bad.
The bad guy.	The guy bad.
The bad animal.	The animal bad.
The bad horse.	The horse bad.
The bad bird.	The bird bad.
The bad duck.	The duck bad.
The bad kitty.	The kitty bad.
The bad dad.	The dad bad.
The bad cow.	The cow bad.
The bad elephant.	The elephant bad.
The bad bunny.	The bunny bad.
The bad chicken.	The chicken bad.
The bad dinosaur.	The dinosaur bad.
The bad mouse.	The mouse bad.
The bad lady.	The lady bad.
The bad monkey.	The monkey bad.
The bad caterpillar.	The caterpillar bad.
The bad puppy.	The puppy bad.
The bad rabbit.	The rabbit bad.
The bad lion.	The lion bad.
The bad bee.	The bee bad.
The bad snake.	The snake bad.
The bad sheep.	The sheep bad.
The bad tiger.	The tiger bad.
The bad turtle.	The turtle bad.
The bad monster.	The monster bad.
The bad owl.	The owl bad.
The bad spider.	The spider bad.
The bad zebra.	The zebra bad.
The bad kangaroo.	The kangaroo bad.
The bad giraffe.	The giraffe bad.
The bad dragon.	The dragon bad.
The bad turkey.	The turkey bad.
The bad donkey.	The donkey bad.
The bad uncle.	The uncle bad.
The bad woman.	The woman bad.
The bad goose.	The goose bad.
The great mom.	The mom great.
The great girl.	The girl great.
The great person.	The person great.
The great cat.	The cat great.
The great guy.	The guy great.
The great animal.	The animal great.
The great horse.	The horse great.
The great bird.	The bird great.
The great duck.	The duck great.
The great kitty.	The kitty great.
The great dad.	The dad great.
The great cow.	The cow great.
The great elephant.	The elephant great.
The great bunny.	The bunny great.
The great chicken.	The chicken great.
The great dinosaur.	The dinosaur great.
The great mouse.	The mouse great.
The great lady.	The lady great.
The great monkey.	The monkey great.
The great caterpillar.	The caterpillar great.
The great puppy.	The puppy great.
The great rabbit.	The rabbit great.
The great lion.	The lion great.
The great bee.	The bee great.
The great snake.	The snake great.
The great sheep.	The sheep great.
The great tiger.	The tiger great.
The great turtle.	The turtle great.
The great monster.	The monster great.
The great owl.	The owl great.
The great spider.	The spider great.
The great zebra.	The zebra great.
The great kangaroo.	The kangaroo great.
The great giraffe.	The giraffe great.
The great dragon.	The dragon great.
The great turkey.	The turkey great.
The great donkey.	The donkey great.
The great uncle.	The uncle great.
The great woman.	The woman great.
The great goose.	The goose great.
The different mom.	The mom different.
The different girl.	The girl different.
The different person.	The person different.
The different cat.	The cat different.
The different guy.	The guy different.
The different animal.	The animal different.
The different horse.	The horse different.
The different bird.	The bird different.
The different duck.	The duck different.
The different kitty.	The kitty different.
The different dad.	The dad different.
The different cow.	The cow different.
The different elephant.	The elephant different.
The different bunny.	The bunny different.
The different chicken.	The chicken different.
The different dinosaur.	The dinosaur different.
The different mouse.	The mouse different.
The different lady.	The lady different.
The different monkey.	The monkey different.
The different caterpillar.	The caterpillar different.
The different puppy.	The puppy different.
The different rabbit.	The rabbit different.
The different lion.	The lion different.
The different bee.	The bee different.
The different snake.	The snake different.
The different sheep.	The sheep different.
The different tiger.	The tiger different.
The different turtle.	The turtle different.
The different monster.	The monster different.
The different owl.	The owl different.
The different spider.	The spider different.
The different zebra.	The zebra different.
The different kangaroo.	The kangaroo different.
The different giraffe.	The giraffe different.
The different dragon.	The dragon different.
The different turkey.	The turkey different.
The different donkey.	The donkey different.
The different uncle.	The uncle different.
The different woman.	The woman different.
The different goose.	The goose different.
The same mom.	The mom same.
The same girl.	The girl same.
The same person.	The person same.
The same cat.	The cat same.
The same guy.	The guy same.
The same animal.	The animal same.
The same horse.	The horse same.
The same bird.	The bird same.
The same duck.	The duck same.
The same kitty.	The kitty same.
The same dad.	The dad same.
The same cow.	The cow same.
The same elephant.	The elephant same.
The same bunny.	The bunny same.
The same chicken.	The chicken same.
The same dinosaur.	The dinosaur same.
The same mouse.	The mouse same.
The same lady.	The lady same.
The same monkey.	The monkey same.
The same caterpillar.	The caterpillar same.
The same puppy.	The puppy same.
The same rabbit.	The rabbit same.
The same lion.	The lion same.
The same bee.	The bee same.
The same snake.	The snake same.
The same sheep.	The sheep same.
The same tiger.	The tiger same.
The same turtle.	The turtle same.
The same monster.	The monster same.
The same owl.	The owl same.
The same spider.	The spider same.
The same zebra.	The zebra same.
The same kangaroo.	The kangaroo same.
The same giraffe.	The giraffe same.
The same dragon.	The dragon same.
The same turkey.	The turkey same.
The same donkey.	The donkey same.
The same uncle.	The uncle same.
The same woman.	The woman same.
The same goose.	The goose same.
The happy mom.	The mom happy.
The happy girl.	The girl happy.
The happy person.	The person happy.
The happy cat.	The cat happy.
The happy guy.	The guy happy.
The happy animal.	The animal happy.
The happy horse.	The horse happy.
The happy bird.	The bird happy.
The happy duck.	The duck happy.
The happy kitty.	The kitty happy.
The happy dad.	The dad happy.
The happy cow.	The cow happy.
The happy elephant.	The elephant happy.
The happy bunny.	The bunny happy.
The happy chicken.	The chicken happy.
The happy dinosaur.	The dinosaur happy.
The happy mouse.	The mouse happy.
The happy lady.	The lady happy.
The happy monkey.	The monkey happy.
The happy caterpillar.	The caterpillar happy.
The happy puppy.	The puppy happy.
The happy rabbit.	The rabbit happy.
The happy lion.	The lion happy.
The happy bee.	The bee happy.
The happy snake.	The snake happy.
The happy sheep.	The sheep happy.
The happy tiger.	The tiger happy.
The happy turtle.	The turtle happy.
The happy monster.	The monster happy.
The happy owl.	The owl happy.
The happy spider.	The spider happy.
The happy zebra.	The zebra happy.
The happy kangaroo.	The kangaroo happy.
The happy giraffe.	The giraffe happy.
The happy dragon.	The dragon happy.
The happy turkey.	The turkey happy.
The happy donkey.	The donkey happy.
The happy uncle.	The uncle happy.
The happy woman.	The woman happy.
The happy goose.	The goose happy.
The small mom.	The mom small.
The small girl.	The girl small.
The small person.	The person small.
The small cat.	The cat small.
The small guy.	The guy small.
The small animal.	The animal small.
The small horse.	The horse small.
The small bird.	The bird small.
The small duck.	The duck small.
The small kitty.	The kitty small.
The small dad.	The dad small.
The small cow.	The cow small.
The small elephant.	The elephant small.
The small bunny.	The bunny small.
The small chicken.	The chicken small.
The small dinosaur.	The dinosaur small.
The small mouse.	The mouse small.
The small lady.	The lady small.
The small monkey.	The monkey small.
The small caterpillar.	The caterpillar small.
The small puppy.	The puppy small.
The small rabbit.	The rabbit small.
The small lion.	The lion small.
The small bee.	The bee small.
The small snake.	The snake small.
The small sheep.	The sheep small.
The small tiger.	The tiger small.
The small turtle.	The turtle small.
The small monster.	The monster small.
The small owl.	The owl small.
The small spider.	The spider small.
The small zebra.	The zebra small.
The small kangaroo.	The kangaroo small.
The small giraffe.	The giraffe small.
The small dragon.	The dragon small.
The small turkey.	The turkey small.
The small donkey.	The donkey small.
The small uncle.	The uncle small.
The small woman.	The woman small.
The small goose.	The goose small.
The wet mom.	The mom wet.
The wet girl.	The girl wet.
The wet person.	The person wet.
The wet cat.	The cat wet.
The wet guy.	The guy wet.
The wet animal.	The animal wet.
The wet horse.	The horse wet.
The wet bird.	The bird wet.
The wet duck.	The duck wet.
The wet kitty.	The kitty wet.
The wet dad.	The dad wet.
The wet cow.	The cow wet.
The wet elephant.	The elephant wet.
The wet bunny.	The bunny wet.
The wet chicken.	The chicken wet.
The wet dinosaur.	The dinosaur wet.
The wet mouse.	The mouse wet.
The wet lady.	The lady wet.
The wet monkey.	The monkey wet.
The wet caterpillar.	The caterpillar wet.
The wet puppy.	The puppy wet.
The wet rabbit.	The rabbit wet.
The wet lion.	The lion wet.
The wet bee.	The bee wet.
The wet snake.	The snake wet.
The wet sheep.	The sheep wet.
The wet tiger.	The tiger wet.
The wet turtle.	The turtle wet.
The wet monster.	The monster wet.
The wet owl.	The owl wet.
The wet spider.	The spider wet.
The wet zebra.	The zebra wet.
The wet kangaroo.	The kangaroo wet.
The wet giraffe.	The giraffe wet.
The wet dragon.	The dragon wet.
The wet turkey.	The turkey wet.
The wet donkey.	The donkey wet.
The wet uncle.	The uncle wet.
The wet woman.	The woman wet.
The wet goose.	The goose wet.
The cute mom.	The mom cute.
The cute girl.	The girl cute.
The cute person.	The person cute.
The cute cat.	The cat cute.
The cute guy.	The guy cute.
The cute animal.	The animal cute.
The cute horse.	The horse cute.
The cute bird.	The bird cute.
The cute duck.	The duck cute.
The cute kitty.	The kitty cute.
The cute dad.	The dad cute.
The cute cow.	The cow cute.
The cute elephant.	The elephant cute.
The cute bunny.	The bunny cute.
The cute chicken.	The chicken cute.
The cute dinosaur.	The dinosaur cute.
The cute mouse.	The mouse cute.
The cute lady.	The lady cute.
The cute monkey.	The monkey cute.
The cute caterpillar.	The caterpillar cute.
The cute puppy.	The puppy cute.
The cute rabbit.	The rabbit cute.
The cute lion.	The lion cute.
The cute bee.	The bee cute.
The cute snake.	The snake cute.
The cute sheep.	The sheep cute.
The cute tiger.	The tiger cute.
The cute turtle.	The turtle cute.
The cute monster.	The monster cute.
The cute owl.	The owl cute.
The cute spider.	The spider cute.
The cute zebra.	The zebra cute.
The cute kangaroo.	The kangaroo cute.
The cute giraffe.	The giraffe cute.
The cute dragon.	The dragon cute.
The cute turkey.	The turkey cute.
The cute donkey.	The donkey cute.
The cute uncle.	The uncle cute.
The cute woman.	The woman cute.
The cute goose.	The goose cute.
The beautiful mom.	The mom beautiful.
The beautiful girl.	The girl beautiful.
The beautiful person.	The person beautiful.
The beautiful cat.	The cat beautiful.
The beautiful guy.	The guy beautiful.
The beautiful animal.	The animal beautiful.
The beautiful horse.	The horse beautiful.
The beautiful bird.	The bird beautiful.
The beautiful duck.	The duck beautiful.
The beautiful kitty.	The kitty beautiful.
The beautiful dad.	The dad beautiful.
The beautiful cow.	The cow beautiful.
The beautiful elephant.	The elephant beautiful.
The beautiful bunny.	The bunny beautiful.
The beautiful chicken.	The chicken beautiful.
The beautiful dinosaur.	The dinosaur beautiful.
The beautiful mouse.	The mouse beautiful.
The beautiful lady.	The lady beautiful.
The beautiful monkey.	The monkey beautiful.
The beautiful caterpillar.	The caterpillar beautiful.
The beautiful puppy.	The puppy beautiful.
The beautiful rabbit.	The rabbit beautiful.
The beautiful lion.	The lion beautiful.
The beautiful bee.	The bee beautiful.
The beautiful snake.	The snake beautiful.
The beautiful sheep.	The sheep beautiful.
The beautiful tiger.	The tiger beautiful.
The beautiful turtle.	The turtle beautiful.
The beautiful monster.	The monster beautiful.
The beautiful owl.	The owl beautiful.
The beautiful spider.	The spider beautiful.
The beautiful zebra.	The zebra beautiful.
The beautiful kangaroo.	The kangaroo beautiful.
The beautiful giraffe.	The giraffe beautiful.
The beautiful dragon.	The dragon beautiful.
The beautiful turkey.	The turkey beautiful.
The beautiful donkey.	The donkey beautiful.
The beautiful uncle.	The uncle beautiful.
The beautiful woman.	The woman beautiful.
The beautiful goose.	The goose beautiful.
The tiny mom.	The mom tiny.
The tiny girl.	The girl tiny.
The tiny person.	The person tiny.
The tiny cat.	The cat tiny.
The tiny guy.	The guy tiny.
The tiny animal.	The animal tiny.
The tiny horse.	The horse tiny.
The tiny bird.	The bird tiny.
The tiny duck.	The duck tiny.
The tiny kitty.	The kitty tiny.
The tiny dad.	The dad tiny.
The tiny cow.	The cow tiny.
The tiny elephant.	The elephant tiny.
The tiny bunny.	The bunny tiny.
The tiny chicken.	The chicken tiny.
The tiny dinosaur.	The dinosaur tiny.
The tiny mouse.	The mouse tiny.
The tiny lady.	The lady tiny.
The tiny monkey.	The monkey tiny.
The tiny caterpillar.	The caterpillar tiny.
The tiny puppy.	The puppy tiny.
The tiny rabbit.	The rabbit tiny.
The tiny lion.	The lion tiny.
The tiny bee.	The bee tiny.
The tiny snake.	The snake tiny.
The tiny sheep.	The sheep tiny.
The tiny tiger.	The tiger tiny.
The tiny turtle.	The turtle tiny.
The tiny monster.	The monster tiny.
The tiny owl.	The owl tiny.
The tiny spider.	The spider tiny.
The tiny zebra.	The zebra tiny.
The tiny kangaroo.	The kangaroo tiny.
The tiny giraffe.	The giraffe tiny.
The tiny dragon.	The dragon tiny.
The tiny turkey.	The turkey tiny.
The tiny donkey.	The donkey tiny.
The tiny uncle.	The uncle tiny.
The tiny woman.	The woman tiny.
The tiny goose.	The goose tiny.
The sick mom.	The mom sick.
The sick girl.	The girl sick.
The sick person.	The person sick.
The sick cat.	The cat sick.
The sick guy.	The guy sick.
The sick animal.	The animal sick.
The sick horse.	The horse sick.
The sick bird.	The bird sick.
The sick duck.	The duck sick.
The sick kitty.	The kitty sick.
The sick dad.	The dad sick.
The sick cow.	The cow sick.
The sick elephant.	The elephant sick.
The sick bunny.	The bunny sick.
The sick chicken.	The chicken sick.
The sick dinosaur.	The dinosaur sick.
The sick mouse.	The mouse sick.
The sick lady.	The lady sick.
The sick monkey.	The monkey sick.
The sick caterpillar.	The caterpillar sick.
The sick puppy.	The puppy sick.
The sick rabbit.	The rabbit sick.
The sick lion.	The lion sick.
The sick bee.	The bee sick.
The sick snake.	The snake sick.
The sick sheep.	The sheep sick.
The sick tiger.	The tiger sick.
The sick turtle.	The turtle sick.
The sick monster.	The monster sick.
The sick owl.	The owl sick.
The sick spider.	The spider sick.
The sick zebra.	The zebra sick.
The sick kangaroo.	The kangaroo sick.
The sick giraffe.	The giraffe sick.
The sick dragon.	The dragon sick.
The sick turkey.	The turkey sick.
The sick donkey.	The donkey sick.
The sick uncle.	The uncle sick.
The sick woman.	The woman sick.
The sick goose.	The goose sick.
The soft mom.	The mom soft.
The soft girl.	The girl soft.
The soft person.	The person soft.
The soft cat.	The cat soft.
The soft guy.	The guy soft.
The soft animal.	The animal soft.
The soft horse.	The horse soft.
The soft bird.	The bird soft.
The soft duck.	The duck soft.
The soft kitty.	The kitty soft.
The soft dad.	The dad soft.
The soft cow.	The cow soft.
The soft elephant.	The elephant soft.
The soft bunny.	The bunny soft.
The soft chicken.	The chicken soft.
The soft dinosaur.	The dinosaur soft.
The soft mouse.	The mouse soft.
The soft lady.	The lady soft.
The soft monkey.	The monkey soft.
The soft caterpillar.	The caterpillar soft.
The soft puppy.	The puppy soft.
The soft rabbit.	The rabbit soft.
The soft lion.	The lion soft.
The soft bee.	The bee soft.
The soft snake.	The snake soft.
The soft sheep.	The sheep soft.
The soft tiger.	The tiger soft.
The soft turtle.	The turtle soft.
The soft monster.	The monster soft.
The soft owl.	The owl soft.
The soft spider.	The spider soft.
The soft zebra.	The zebra soft.
The soft kangaroo.	The kangaroo soft.
The soft giraffe.	The giraffe soft.
The soft dragon.	The dragon soft.
The soft turkey.	The turkey soft.
The soft donkey.	The donkey soft.
The soft uncle.	The uncle soft.
The soft woman.	The woman soft.
The soft goose.	The goose soft.
The heavy mom.	The mom heavy.
The heavy girl.	The girl heavy.
The heavy person.	The person heavy.
The heavy cat.	The cat heavy.
The heavy guy.	The guy heavy.
The heavy animal.	The animal heavy.
The heavy horse.	The horse heavy.
The heavy bird.	The bird heavy.
The heavy duck.	The duck heavy.
The heavy kitty.	The kitty heavy.
The heavy dad.	The dad heavy.
The heavy cow.	The cow heavy.
The heavy elephant.	The elephant heavy.
The heavy bunny.	The bunny heavy.
The heavy chicken.	The chicken heavy.
The heavy dinosaur.	The dinosaur heavy.
The heavy mouse.	The mouse heavy.
The heavy lady.	The lady heavy.
The heavy monkey.	The monkey heavy.
The heavy caterpillar.	The caterpillar heavy.
The heavy puppy.	The puppy heavy.
The heavy rabbit.	The rabbit heavy.
The heavy lion.	The lion heavy.
The heavy bee.	The bee heavy.
The heavy snake.	The snake heavy.
The heavy sheep.	The sheep heavy.
The heavy tiger.	The tiger heavy.
The heavy turtle.	The turtle heavy.
The heavy monster.	The monster heavy.
The heavy owl.	The owl heavy.
The heavy spider.	The spider heavy.
The heavy zebra.	The zebra heavy.
The heavy kangaroo.	The kangaroo heavy.
The heavy giraffe.	The giraffe heavy.
The heavy dragon.	The dragon heavy.
The heavy turkey.	The turkey heavy.
The heavy donkey.	The donkey heavy.
The heavy uncle.	The uncle heavy.
The heavy woman.	The woman heavy.
The heavy goose.	The goose heavy.
The neat mom.	The mom neat.
The neat girl.	The girl neat.
The neat person.	The person neat.
The neat cat.	The cat neat.
The neat guy.	The guy neat.
The neat animal.	The animal neat.
The neat horse.	The horse neat.
The neat bird.	The bird neat.
The neat duck.	The duck neat.
The neat kitty.	The kitty neat.
The neat dad.	The dad neat.
The neat cow.	The cow neat.
The neat elephant.	The elephant neat.
The neat bunny.	The bunny neat.
The neat chicken.	The chicken neat.
The neat dinosaur.	The dinosaur neat.
The neat mouse.	The mouse neat.
The neat lady.	The lady neat.
The neat monkey.	The monkey neat.
The neat caterpillar.	The caterpillar neat.
The neat puppy.	The puppy neat.
The neat rabbit.	The rabbit neat.
The neat lion.	The lion neat.
The neat bee.	The bee neat.
The neat snake.	The snake neat.
The neat sheep.	The sheep neat.
The neat tiger.	The tiger neat.
The neat turtle.	The turtle neat.
The neat monster.	The monster neat.
The neat owl.	The owl neat.
The neat spider.	The spider neat.
The neat zebra.	The zebra neat.
The neat kangaroo.	The kangaroo neat.
The neat giraffe.	The giraffe neat.
The neat dragon.	The dragon neat.
The neat turkey.	The turkey neat.
The neat donkey.	The donkey neat.
The neat uncle.	The uncle neat.
The neat woman.	The woman neat.
The neat goose.	The goose neat.
The poor mom.	The mom poor.
The poor girl.	The girl poor.
The poor person.	The person poor.
The poor cat.	The cat poor.
The poor guy.	The guy poor.
The poor animal.	The animal poor.
The poor horse.	The horse poor.
The poor bird.	The bird poor.
The poor duck.	The duck poor.
The poor kitty.	The kitty poor.
The poor dad.	The dad poor.
The poor cow.	The cow poor.
The poor elephant.	The elephant poor.
The poor bunny.	The bunny poor.
The poor chicken.	The chicken poor.
The poor dinosaur.	The dinosaur poor.
The poor mouse.	The mouse poor.
The poor lady.	The lady poor.
The poor monkey.	The monkey poor.
The poor caterpillar.	The caterpillar poor.
The poor puppy.	The puppy poor.
The poor rabbit.	The rabbit poor.
The poor lion.	The lion poor.
The poor bee.	The bee poor.
The poor snake.	The snake poor.
The poor sheep.	The sheep poor.
The poor tiger.	The tiger poor.
The poor turtle.	The turtle poor.
The poor monster.	The monster poor.
The poor owl.	The owl poor.
The poor spider.	The spider poor.
The poor zebra.	The zebra poor.
The poor kangaroo.	The kangaroo poor.
The poor giraffe.	The giraffe poor.
The poor dragon.	The dragon poor.
The poor turkey.	The turkey poor.
The poor donkey.	The donkey poor.
The poor uncle.	The uncle poor.
The poor woman.	The woman poor.
The poor goose.	The goose poor.
The sad mom.	The mom sad.
The sad girl.	The girl sad.
The sad person.	The person sad.
The sad cat.	The cat sad.
The sad guy.	The guy sad.
The sad animal.	The animal sad.
The sad horse.	The horse sad.
The sad bird.	The bird sad.
The sad duck.	The duck sad.
The sad kitty.	The kitty sad.
The sad dad.	The dad sad.
The sad cow.	The cow sad.
The sad elephant.	The elephant sad.
The sad bunny.	The bunny sad.
The sad chicken.	The chicken sad.
The sad dinosaur.	The dinosaur sad.
The sad mouse.	The mouse sad.
The sad lady.	The lady sad.
The sad monkey.	The monkey sad.
The sad caterpillar.	The caterpillar sad.
The sad puppy.	The puppy sad.
The sad rabbit.	The rabbit sad.
The sad lion.	The lion sad.
The sad bee.	The bee sad.
The sad snake.	The snake sad.
The sad sheep.	The sheep sad.
The sad tiger.	The tiger sad.
The sad turtle.	The turtle sad.
The sad monster.	The monster sad.
The sad owl.	The owl sad.
The sad spider.	The spider sad.
The sad zebra.	The zebra sad.
The sad kangaroo.	The kangaroo sad.
The sad giraffe.	The giraffe sad.
The sad dragon.	The dragon sad.
The sad turkey.	The turkey sad.
The sad donkey.	The donkey sad.
The sad uncle.	The uncle sad.
The sad woman.	The woman sad.
The sad goose.	The goose sad.
The tall mom.	The mom tall.
The tall girl.	The girl tall.
The tall person.	The person tall.
The tall cat.	The cat tall.
The tall guy.	The guy tall.
The tall animal.	The animal tall.
The tall horse.	The horse tall.
The tall bird.	The bird tall.
The tall duck.	The duck tall.
The tall kitty.	The kitty tall.
The tall dad.	The dad tall.
The tall cow.	The cow tall.
The tall elephant.	The elephant tall.
The tall bunny.	The bunny tall.
The tall chicken.	The chicken tall.
The tall dinosaur.	The dinosaur tall.
The tall mouse.	The mouse tall.
The tall lady.	The lady tall.
The tall monkey.	The monkey tall.
The tall caterpillar.	The caterpillar tall.
The tall puppy.	The puppy tall.
The tall rabbit.	The rabbit tall.
The tall lion.	The lion tall.
The tall bee.	The bee tall.
The tall snake.	The snake tall.
The tall sheep.	The sheep tall.
The tall tiger.	The tiger tall.
The tall turtle.	The turtle tall.
The tall monster.	The monster tall.
The tall owl.	The owl tall.
The tall spider.	The spider tall.
The tall zebra.	The zebra tall.
The tall kangaroo.	The kangaroo tall.
The tall giraffe.	The giraffe tall.
The tall dragon.	The dragon tall.
The tall turkey.	The turkey tall.
The tall donkey.	The donkey tall.
The tall uncle.	The uncle tall.
The tall woman.	The woman tall.
The tall goose.	The goose tall.
The loud mom.	The mom loud.
The loud girl.	The girl loud.
The loud person.	The person loud.
The loud cat.	The cat loud.
The loud guy.	The guy loud.
The loud animal.	The animal loud.
The loud horse.	The horse loud.
The loud bird.	The bird loud.
The loud duck.	The duck loud.
The loud kitty.	The kitty loud.
The loud dad.	The dad loud.
The loud cow.	The cow loud.
The loud elephant.	The elephant loud.
The loud bunny.	The bunny loud.
The loud chicken.	The chicken loud.
The loud dinosaur.	The dinosaur loud.
The loud mouse.	The mouse loud.
The loud lady.	The lady loud.
The loud monkey.	The monkey loud.
The loud caterpillar.	The caterpillar loud.
The loud puppy.	The puppy loud.
The loud rabbit.	The rabbit loud.
The loud lion.	The lion loud.
The loud bee.	The bee loud.
The loud snake.	The snake loud.
The loud sheep.	The sheep loud.
The loud tiger.	The tiger loud.
The loud turtle.	The turtle loud.
The loud monster.	The monster loud.
The loud owl.	The owl loud.
The loud spider.	The spider loud.
The loud zebra.	The zebra loud.
The loud kangaroo.	The kangaroo loud.
The loud giraffe.	The giraffe loud.
The loud dragon.	The dragon loud.
The loud turkey.	The turkey loud.
The loud donkey.	The donkey loud.
The loud uncle.	The uncle loud.
The loud woman.	The woman loud.
The loud goose.	The goose loud.
The mad mom.	The mom mad.
The mad girl.	The girl mad.
The mad person.	The person mad.
The mad cat.	The cat mad.
The mad guy.	The guy mad.
The mad animal.	The animal mad.
The mad horse.	The horse mad.
The mad bird.	The bird mad.
The mad duck.	The duck mad.
The mad kitty.	The kitty mad.
The mad dad.	The dad mad.
The mad cow.	The cow mad.
The mad elephant.	The elephant mad.
The mad bunny.	The bunny mad.
The mad chicken.	The chicken mad.
The mad dinosaur.	The dinosaur mad.
The mad mouse.	The mouse mad.
The mad lady.	The lady mad.
The mad monkey.	The monkey mad.
The mad caterpillar.	The caterpillar mad.
The mad puppy.	The puppy mad.
The mad rabbit.	The rabbit mad.
The mad lion.	The lion mad.
The mad bee.	The bee mad.
The mad snake.	The snake mad.
The mad sheep.	The sheep mad.
The mad tiger.	The tiger mad.
The mad turtle.	The turtle mad.
The mad monster.	The monster mad.
The mad owl.	The owl mad.
The mad spider.	The spider mad.
The mad zebra.	The zebra mad.
The mad kangaroo.	The kangaroo mad.
The mad giraffe.	The giraffe mad.
The mad dragon.	The dragon mad.
The mad turkey.	The turkey mad.
The mad donkey.	The donkey mad.
The mad uncle.	The uncle mad.
The mad woman.	The woman mad.
The mad goose.	The goose mad.
The interesting mom.	The mom interesting.
The interesting girl.	The girl interesting.
The interesting person.	The person interesting.
The interesting cat.	The cat interesting.
The interesting guy.	The guy interesting.
The interesting animal.	The animal interesting.
The interesting horse.	The horse interesting.
The interesting bird.	The bird interesting.
The interesting duck.	The duck interesting.
The interesting kitty.	The kitty interesting.
The interesting dad.	The dad interesting.
The interesting cow.	The cow interesting.
The interesting elephant.	The elephant interesting.
The interesting bunny.	The bunny interesting.
The interesting chicken.	The chicken interesting.
The interesting dinosaur.	The dinosaur interesting.
The interesting mouse.	The mouse interesting.
The interesting lady.	The lady interesting.
The interesting monkey.	The monkey interesting.
The interesting caterpillar.	The caterpillar interesting.
The interesting puppy.	The puppy interesting.
The interesting rabbit.	The rabbit interesting.
The interesting lion.	The lion interesting.
The interesting bee.	The bee interesting.
The interesting snake.	The snake interesting.
The interesting sheep.	The sheep interesting.
The interesting tiger.	The tiger interesting.
The interesting turtle.	The turtle interesting.
The interesting monster.	The monster interesting.
The interesting owl.	The owl interesting.
The interesting spider.	The spider interesting.
The interesting zebra.	The zebra interesting.
The interesting kangaroo.	The kangaroo interesting.
The interesting giraffe.	The giraffe interesting.
The interesting dragon.	The dragon interesting.
The interesting turkey.	The turkey interesting.
The interesting donkey.	The donkey interesting.
The interesting uncle.	The uncle interesting.
The interesting woman.	The woman interesting.
The interesting goose.	The goose interesting.
The strong mom.	The mom strong.
The strong girl.	The girl strong.
The strong person.	The person strong.
The strong cat.	The cat strong.
The strong guy.	The guy strong.
The strong animal.	The animal strong.
The strong horse.	The horse strong.
The strong bird.	The bird strong.
The strong duck.	The duck strong.
The strong kitty.	The kitty strong.
The strong dad.	The dad strong.
The strong cow.	The cow strong.
The strong elephant.	The elephant strong.
The strong bunny.	The bunny strong.
The strong chicken.	The chicken strong.
The strong dinosaur.	The dinosaur strong.
The strong mouse.	The mouse strong.
The strong lady.	The lady strong.
The strong monkey.	The monkey strong.
The strong caterpillar.	The caterpillar strong.
The strong puppy.	The puppy strong.
The strong rabbit.	The rabbit strong.
The strong lion.	The lion strong.
The strong bee.	The bee strong.
The strong snake.	The snake strong.
The strong sheep.	The sheep strong.
The strong tiger.	The tiger strong.
The strong turtle.	The turtle strong.
The strong monster.	The monster strong.
The strong owl.	The owl strong.
The strong spider.	The spider strong.
The strong zebra.	The zebra strong.
The strong kangaroo.	The kangaroo strong.
The strong giraffe.	The giraffe strong.
The strong dragon.	The dragon strong.
The strong turkey.	The turkey strong.
The strong donkey.	The donkey strong.
The strong uncle.	The uncle strong.
The strong woman.	The woman strong.
The strong goose.	The goose strong.
The delicious mom.	The mom delicious.
The delicious girl.	The girl delicious.
The delicious person.	The person delicious.
The delicious cat.	The cat delicious.
The delicious guy.	The guy delicious.
The delicious animal.	The animal delicious.
The delicious horse.	The horse delicious.
The delicious bird.	The bird delicious.
The delicious duck.	The duck delicious.
The delicious kitty.	The kitty delicious.
The delicious dad.	The dad delicious.
The delicious cow.	The cow delicious.
The delicious elephant.	The elephant delicious.
The delicious bunny.	The bunny delicious.
The delicious chicken.	The chicken delicious.
The delicious dinosaur.	The dinosaur delicious.
The delicious mouse.	The mouse delicious.
The delicious lady.	The lady delicious.
The delicious monkey.	The monkey delicious.
The delicious caterpillar.	The caterpillar delicious.
The delicious puppy.	The puppy delicious.
The delicious rabbit.	The rabbit delicious.
The delicious lion.	The lion delicious.
The delicious bee.	The bee delicious.
The delicious snake.	The snake delicious.
The delicious sheep.	The sheep delicious.
The delicious tiger.	The tiger delicious.
The delicious turtle.	The turtle delicious.
The delicious monster.	The monster delicious.
The delicious owl.	The owl delicious.
The delicious spider.	The spider delicious.
The delicious zebra.	The zebra delicious.
The delicious kangaroo.	The kangaroo delicious.
The delicious giraffe.	The giraffe delicious.
The delicious dragon.	The dragon delicious.
The delicious turkey.	The turkey delicious.
The delicious donkey.	The donkey delicious.
The delicious uncle.	The uncle delicious.
The delicious woman.	The woman delicious.
The delicious goose.	The goose delicious.
The dead mom.	The mom dead.
The dead girl.	The girl dead.
The dead person.	The person dead.
The dead cat.	The cat dead.
The dead guy.	The guy dead.
The dead animal.	The animal dead.
The dead horse.	The horse dead.
The dead bird.	The bird dead.
The dead duck.	The duck dead.
The dead kitty.	The kitty dead.
The dead dad.	The dad dead.
The dead cow.	The cow dead.
The dead elephant.	The elephant dead.
The dead bunny.	The bunny dead.
The dead chicken.	The chicken dead.
The dead dinosaur.	The dinosaur dead.
The dead mouse.	The mouse dead.
The dead lady.	The lady dead.
The dead monkey.	The monkey dead.
The dead caterpillar.	The caterpillar dead.
The dead puppy.	The puppy dead.
The dead rabbit.	The rabbit dead.
The dead lion.	The lion dead.
The dead bee.	The bee dead.
The dead snake.	The snake dead.
The dead sheep.	The sheep dead.
The dead tiger.	The tiger dead.
The dead turtle.	The turtle dead.
The dead monster.	The monster dead.
The dead owl.	The owl dead.
The dead spider.	The spider dead.
The dead zebra.	The zebra dead.
The dead kangaroo.	The kangaroo dead.
The dead giraffe.	The giraffe dead.
The dead dragon.	The dragon dead.
The dead turkey.	The turkey dead.
The dead donkey.	The donkey dead.
The dead uncle.	The uncle dead.
The dead woman.	The woman dead.
The dead goose.	The goose dead.
The broke mom.	The mom broke.
The broke girl.	The girl broke.
The broke person.	The person broke.
The broke cat.	The cat broke.
The broke guy.	The guy broke.
The broke animal.	The animal broke.
The broke horse.	The horse broke.
The broke bird.	The bird broke.
The broke duck.	The duck broke.
The broke kitty.	The kitty broke.
The broke dad.	The dad broke.
The broke cow.	The cow broke.
The broke elephant.	The elephant broke.
The broke bunny.	The bunny broke.
The broke chicken.	The chicken broke.
The broke dinosaur.	The dinosaur broke.
The broke mouse.	The mouse broke.
The broke lady.	The lady broke.
The broke monkey.	The monkey broke.
The broke caterpillar.	The caterpillar broke.
The broke puppy.	The puppy broke.
The broke rabbit.	The rabbit broke.
The broke lion.	The lion broke.
The broke bee.	The bee broke.
The broke snake.	The snake broke.
The broke sheep.	The sheep broke.
The broke tiger.	The tiger broke.
The broke turtle.	The turtle broke.
The broke monster.	The monster broke.
The broke owl.	The owl broke.
The broke spider.	The spider broke.
The broke zebra.	The zebra broke.
The broke kangaroo.	The kangaroo broke.
The broke giraffe.	The giraffe broke.
The broke dragon.	The dragon broke.
The broke turkey.	The turkey broke.
The broke donkey.	The donkey broke.
The broke uncle.	The uncle broke.
The broke woman.	The woman broke.
The broke goose.	The goose broke.
The short mom.	The mom short.
The short girl.	The girl short.
The short person.	The person short.
The short cat.	The cat short.
The short guy.	The guy short.
The short animal.	The animal short.
The short horse.	The horse short.
The short bird.	The bird short.
The short duck.	The duck short.
The short kitty.	The kitty short.
The short dad.	The dad short.
The short cow.	The cow short.
The short elephant.	The elephant short.
The short bunny.	The bunny short.
The short chicken.	The chicken short.
The short dinosaur.	The dinosaur short.
The short mouse.	The mouse short.
The short lady.	The lady short.
The short monkey.	The monkey short.
The short caterpillar.	The caterpillar short.
The short puppy.	The puppy short.
The short rabbit.	The rabbit short.
The short lion.	The lion short.
The short bee.	The bee short.
The short snake.	The snake short.
The short sheep.	The sheep short.
The short tiger.	The tiger short.
The short turtle.	The turtle short.
The short monster.	The monster short.
The short owl.	The owl short.
The short spider.	The spider short.
The short zebra.	The zebra short.
The short kangaroo.	The kangaroo short.
The short giraffe.	The giraffe short.
The short dragon.	The dragon short.
The short turkey.	The turkey short.
The short donkey.	The donkey short.
The short uncle.	The uncle short.
The short woman.	The woman short.
The short goose.	The goose short.
The afraid mom.	The mom afraid.
The afraid girl.	The girl afraid.
The afraid person.	The person afraid.
The afraid cat.	The cat afraid.
The afraid guy.	The guy afraid.
The afraid animal.	The animal afraid.
The afraid horse.	The horse afraid.
The afraid bird.	The bird afraid.
The afraid duck.	The duck afraid.
The afraid kitty.	The kitty afraid.
The afraid dad.	The dad afraid.
The afraid cow.	The cow afraid.
The afraid elephant.	The elephant afraid.
The afraid bunny.	The bunny afraid.
The afraid chicken.	The chicken afraid.
The afraid dinosaur.	The dinosaur afraid.
The afraid mouse.	The mouse afraid.
The afraid lady.	The lady afraid.
The afraid monkey.	The monkey afraid.
The afraid caterpillar.	The caterpillar afraid.
The afraid puppy.	The puppy afraid.
The afraid rabbit.	The rabbit afraid.
The afraid lion.	The lion afraid.
The afraid bee.	The bee afraid.
The afraid snake.	The snake afraid.
The afraid sheep.	The sheep afraid.
The afraid tiger.	The tiger afraid.
The afraid turtle.	The turtle afraid.
The afraid monster.	The monster afraid.
The afraid owl.	The owl afraid.
The afraid spider.	The spider afraid.
The afraid zebra.	The zebra afraid.
The afraid kangaroo.	The kangaroo afraid.
The afraid giraffe.	The giraffe afraid.
The afraid dragon.	The dragon afraid.
The afraid turkey.	The turkey afraid.
The afraid donkey.	The donkey afraid.
The afraid uncle.	The uncle afraid.
The afraid woman.	The woman afraid.
The afraid goose.	The goose afraid.
The glad mom.	The mom glad.
The glad girl.	The girl glad.
The glad person.	The person glad.
The glad cat.	The cat glad.
The glad guy.	The guy glad.
The glad animal.	The animal glad.
The glad horse.	The horse glad.
The glad bird.	The bird glad.
The glad duck.	The duck glad.
The glad kitty.	The kitty glad.
The glad dad.	The dad glad.
The glad cow.	The cow glad.
The glad elephant.	The elephant glad.
The glad bunny.	The bunny glad.
The glad chicken.	The chicken glad.
The glad dinosaur.	The dinosaur glad.
The glad mouse.	The mouse glad.
The glad lady.	The lady glad.
The glad monkey.	The monkey glad.
The glad caterpillar.	The caterpillar glad.
The glad puppy.	The puppy glad.
The glad rabbit.	The rabbit glad.
The glad lion.	The lion glad.
The glad bee.	The bee glad.
The glad snake.	The snake glad.
The glad sheep.	The sheep glad.
The glad tiger.	The tiger glad.
The glad turtle.	The turtle glad.
The glad monster.	The monster glad.
The glad owl.	The owl glad.
The glad spider.	The spider glad.
The glad zebra.	The zebra glad.
The glad kangaroo.	The kangaroo glad.
The glad giraffe.	The giraffe glad.
The glad dragon.	The dragon glad.
The glad turkey.	The turkey glad.
The glad donkey.	The donkey glad.
The glad uncle.	The uncle glad.
The glad woman.	The woman glad.
The glad goose.	The goose glad.
The angry mom.	The mom angry.
The angry girl.	The girl angry.
The angry person.	The person angry.
The angry cat.	The cat angry.
The angry guy.	The guy angry.
The angry animal.	The animal angry.
The angry horse.	The horse angry.
The angry bird.	The bird angry.
The angry duck.	The duck angry.
The angry kitty.	The kitty angry.
The angry dad.	The dad angry.
The angry cow.	The cow angry.
The angry elephant.	The elephant angry.
The angry bunny.	The bunny angry.
The angry chicken.	The chicken angry.
The angry dinosaur.	The dinosaur angry.
The angry mouse.	The mouse angry.
The angry lady.	The lady angry.
The angry monkey.	The monkey angry.
The angry caterpillar.	The caterpillar angry.
The angry puppy.	The puppy angry.
The angry rabbit.	The rabbit angry.
The angry lion.	The lion angry.
The angry bee.	The bee angry.
The angry snake.	The snake angry.
The angry sheep.	The sheep angry.
The angry tiger.	The tiger angry.
The angry turtle.	The turtle angry.
The angry monster.	The monster angry.
The angry owl.	The owl angry.
The angry spider.	The spider angry.
The angry zebra.	The zebra angry.
The angry kangaroo.	The kangaroo angry.
The angry giraffe.	The giraffe angry.
The angry dragon.	The dragon angry.
The angry turkey.	The turkey angry.
The angry donkey.	The donkey angry.
The angry uncle.	The uncle angry.
The angry woman.	The woman angry.
The angry goose.	The goose angry.
The young mom.	The mom young.
The young girl.	The girl young.
The young person.	The person young.
The young cat.	The cat young.
The young guy.	The guy young.
The young animal.	The animal young.
The young horse.	The horse young.
The young bird.	The bird young.
The young duck.	The duck young.
The young kitty.	The kitty young.
The young dad.	The dad young.
The young cow.	The cow young.
The young elephant.	The elephant young.
The young bunny.	The bunny young.
The young chicken.	The chicken young.
The young dinosaur.	The dinosaur young.
The young mouse.	The mouse young.
The young lady.	The lady young.
The young monkey.	The monkey young.
The young caterpillar.	The caterpillar young.
The young puppy.	The puppy young.
The young rabbit.	The rabbit young.
The young lion.	The lion young.
The young bee.	The bee young.
The young snake.	The snake young.
The young sheep.	The sheep young.
The young tiger.	The tiger young.
The young turtle.	The turtle young.
The young monster.	The monster young.
The young owl.	The owl young.
The young spider.	The spider young.
The young zebra.	The zebra young.
The young kangaroo.	The kangaroo young.
The young giraffe.	The giraffe young.
The young dragon.	The dragon young.
The young turkey.	The turkey young.
The young donkey.	The donkey young.
The young uncle.	The uncle young.
The young woman.	The woman young.
The young goose.	The goose young.
The super mom.	The mom super.
The super girl.	The girl super.
The super person.	The person super.
The super cat.	The cat super.
The super guy.	The guy super.
The super animal.	The animal super.
The super horse.	The horse super.
The super bird.	The bird super.
The super duck.	The duck super.
The super kitty.	The kitty super.
The super dad.	The dad super.
The super cow.	The cow super.
The super elephant.	The elephant super.
The super bunny.	The bunny super.
The super chicken.	The chicken super.
The super dinosaur.	The dinosaur super.
The super mouse.	The mouse super.
The super lady.	The lady super.
The super monkey.	The monkey super.
The super caterpillar.	The caterpillar super.
The super puppy.	The puppy super.
The super rabbit.	The rabbit super.
The super lion.	The lion super.
The super bee.	The bee super.
The super snake.	The snake super.
The super sheep.	The sheep super.
The super tiger.	The tiger super.
The super turtle.	The turtle super.
The super monster.	The monster super.
The super owl.	The owl super.
The super spider.	The spider super.
The super zebra.	The zebra super.
The super kangaroo.	The kangaroo super.
The super giraffe.	The giraffe super.
The super dragon.	The dragon super.
The super turkey.	The turkey super.
The super donkey.	The donkey super.
The super uncle.	The uncle super.
The super woman.	The woman super.
The super goose.	The goose super.
The stupid mom.	The mom stupid.
The stupid girl.	The girl stupid.
The stupid person.	The person stupid.
The stupid cat.	The cat stupid.
The stupid guy.	The guy stupid.
The stupid animal.	The animal stupid.
The stupid horse.	The horse stupid.
The stupid bird.	The bird stupid.
The stupid duck.	The duck stupid.
The stupid kitty.	The kitty stupid.
The stupid dad.	The dad stupid.
The stupid cow.	The cow stupid.
The stupid elephant.	The elephant stupid.
The stupid bunny.	The bunny stupid.
The stupid chicken.	The chicken stupid.
The stupid dinosaur.	The dinosaur stupid.
The stupid mouse.	The mouse stupid.
The stupid lady.	The lady stupid.
The stupid monkey.	The monkey stupid.
The stupid caterpillar.	The caterpillar stupid.
The stupid puppy.	The puppy stupid.
The stupid rabbit.	The rabbit stupid.
The stupid lion.	The lion stupid.
The stupid bee.	The bee stupid.
The stupid snake.	The snake stupid.
The stupid sheep.	The sheep stupid.
The stupid tiger.	The tiger stupid.
The stupid turtle.	The turtle stupid.
The stupid monster.	The monster stupid.
The stupid owl.	The owl stupid.
The stupid spider.	The spider stupid.
The stupid zebra.	The zebra stupid.
The stupid kangaroo.	The kangaroo stupid.
The stupid giraffe.	The giraffe stupid.
The stupid dragon.	The dragon stupid.
The stupid turkey.	The turkey stupid.
The stupid donkey.	The donkey stupid.
The stupid uncle.	The uncle stupid.
The stupid woman.	The woman stupid.
The stupid goose.	The goose stupid.
The terrible mom.	The mom terrible.
The terrible girl.	The girl terrible.
The terrible person.	The person terrible.
The terrible cat.	The cat terrible.
The terrible guy.	The guy terrible.
The terrible animal.	The animal terrible.
The terrible horse.	The horse terrible.
The terrible bird.	The bird terrible.
The terrible duck.	The duck terrible.
The terrible kitty.	The kitty terrible.
The terrible dad.	The dad terrible.
The terrible cow.	The cow terrible.
The terrible elephant.	The elephant terrible.
The terrible bunny.	The bunny terrible.
The terrible chicken.	The chicken terrible.
The terrible dinosaur.	The dinosaur terrible.
The terrible mouse.	The mouse terrible.
The terrible lady.	The lady terrible.
The terrible monkey.	The monkey terrible.
The terrible caterpillar.	The caterpillar terrible.
The terrible puppy.	The puppy terrible.
The terrible rabbit.	The rabbit terrible.
The terrible lion.	The lion terrible.
The terrible bee.	The bee terrible.
The terrible snake.	The snake terrible.
The terrible sheep.	The sheep terrible.
The terrible tiger.	The tiger terrible.
The terrible turtle.	The turtle terrible.
The terrible monster.	The monster terrible.
The terrible owl.	The owl terrible.
The terrible spider.	The spider terrible.
The terrible zebra.	The zebra terrible.
The terrible kangaroo.	The kangaroo terrible.
The terrible giraffe.	The giraffe terrible.
The terrible dragon.	The dragon terrible.
The terrible turkey.	The turkey terrible.
The terrible donkey.	The donkey terrible.
The terrible uncle.	The uncle terrible.
The terrible woman.	The woman terrible.
The terrible goose.	The goose terrible.
