The mom sees herself.	The mom sees himself.
The mom sees herself.	The dad sees herself.
The dad sees himself.	The dad sees herself.
The dad sees himself.	The mom sees himself.
The girl sees herself.	The girl sees himself.
The girl sees herself.	The boy sees herself.
The boy sees himself.	The boy sees herself.
The boy sees himself.	The girl sees himself.
The man sees himself.	The man sees herself.
The man sees himself.	The woman sees himself.
The woman sees herself.	The woman sees himself.
The woman sees herself.	The man sees herself.
The prince sees himself.	The prince sees herself.
The prince sees himself.	The princess sees himself.
The princess sees herself.	The princess sees himself.
The princess sees herself.	The prince sees herself.
The sister sees herself.	The sister sees himself.
The sister sees herself.	The brother sees herself.
The brother sees himself.	The brother sees herself.
The brother sees himself.	The sister sees himself.
The mom knows herself.	The mom knows himself.
The mom knows herself.	The dad knows herself.
The dad knows himself.	The dad knows herself.
The dad knows himself.	The mom knows himself.
The girl knows herself.	The girl knows himself.
The girl knows herself.	The boy knows herself.
The boy knows himself.	The boy knows herself.
The boy knows himself.	The girl knows himself.
The man knows himself.	The man knows herself.
The man knows himself.	The woman knows himself.
The woman knows herself.	The woman knows himself.
The woman knows herself.	The man knows herself.
The prince knows himself.	The prince knows herself.
The prince knows himself.	The princess knows himself.
The princess knows herself.	The princess knows himself.
The princess knows herself.	The prince knows herself.
The sister knows herself.	The sister knows himself.
The sister knows herself.	The brother knows herself.
The brother knows himself.	The brother knows herself.
The brother knows himself.	The sister knows himself.
The mom tells herself.	The mom tells himself.
The mom tells herself.	The dad tells herself.
The dad tells himself.	The dad tells herself.
The dad tells himself.	The mom tells himself.
The girl tells herself.	The girl tells himself.
The girl tells herself.	The boy tells herself.
The boy tells himself.	The boy tells herself.
The boy tells himself.	The girl tells himself.
The man tells himself.	The man tells herself.
The man tells himself.	The woman tells himself.
The woman tells herself.	The woman tells himself.
The woman tells herself.	The man tells herself.
The prince tells himself.	The prince tells herself.
The prince tells himself.	The princess tells himself.
The princess tells herself.	The princess tells himself.
The princess tells herself.	The prince tells herself.
The sister tells herself.	The sister tells himself.
The sister tells herself.	The brother tells herself.
The brother tells himself.	The brother tells herself.
The brother tells himself.	The sister tells himself.
The mom eats herself.	The mom eats himself.
The mom eats herself.	The dad eats herself.
The dad eats himself.	The dad eats herself.
The dad eats himself.	The mom eats himself.
The girl eats herself.	The girl eats himself.
The girl eats herself.	The boy eats herself.
The boy eats himself.	The boy eats herself.
The boy eats himself.	The girl eats himself.
The man eats himself.	The man eats herself.
The man eats himself.	The woman eats himself.
The woman eats herself.	The woman eats himself.
The woman eats herself.	The man eats herself.
The prince eats himself.	The prince eats herself.
The prince eats himself.	The princess eats himself.
The princess eats herself.	The princess eats himself.
The princess eats herself.	The prince eats herself.
The sister eats herself.	The sister eats himself.
The sister eats herself.	The brother eats herself.
The brother eats himself.	The brother eats herself.
The brother eats himself.	The sister eats himself.
The mom finds herself.	The mom finds himself.
The mom finds herself.	The dad finds herself.
The dad finds himself.	The dad finds herself.
The dad finds himself.	The mom finds himself.
The girl finds herself.	The girl finds himself.
The girl finds herself.	The boy finds herself.
The boy finds himself.	The boy finds herself.
The boy finds himself.	The girl finds himself.
The man finds himself.	The man finds herself.
The man finds himself.	The woman finds himself.
The woman finds herself.	The woman finds himself.
The woman finds herself.	The man finds herself.
The prince finds himself.	The prince finds herself.
The prince finds himself.	The princess finds himself.
The princess finds herself.	The princess finds himself.
The princess finds herself.	The prince finds herself.
The sister finds herself.	The sister finds himself.
The sister finds herself.	The brother finds herself.
The brother finds himself.	The brother finds herself.
The brother finds himself.	The sister finds himself.
The mom helps herself.	The mom helps himself.
The mom helps herself.	The dad helps herself.
The dad helps himself.	The dad helps herself.
The dad helps himself.	The mom helps himself.
The girl helps herself.	The girl helps himself.
The girl helps herself.	The boy helps herself.
The boy helps himself.	The boy helps herself.
The boy helps himself.	The girl helps himself.
The man helps himself.	The man helps herself.
The man helps himself.	The woman helps himself.
The woman helps herself.	The woman helps himself.
The woman helps herself.	The man helps herself.
The prince helps himself.	The prince helps herself.
The prince helps himself.	The princess helps himself.
The princess helps herself.	The princess helps himself.
The princess helps herself.	The prince helps herself.
The sister helps herself.	The sister helps himself.
The sister helps herself.	The brother helps herself.
The brother helps himself.	The brother helps herself.
The brother helps himself.	The sister helps himself.
The mom remembers herself.	The mom remembers himself.
The mom remembers herself.	The dad remembers herself.
The dad remembers himself.	The dad remembers herself.
The dad remembers himself.	The mom remembers himself.
The girl remembers herself.	The girl remembers himself.
The girl remembers herself.	The boy remembers herself.
The boy remembers himself.	The boy remembers herself.
The boy remembers himself.	The girl remembers himself.
The man remembers himself.	The man remembers herself.
The man remembers himself.	The woman remembers himself.
The woman remembers herself.	The woman remembers himself.
The woman remembers herself.	The man remembers herself.
The prince remembers himself.	The prince remembers herself.
The prince remembers himself.	The princess remembers himself.
The princess remembers herself.	The princess remembers himself.
The princess remembers herself.	The prince remembers herself.
The sister remembers herself.	The sister remembers himself.
The sister remembers herself.	The brother remembers herself.
The brother remembers himself.	The brother remembers herself.
The brother remembers himself.	The sister remembers himself.
The mom hears herself.	The mom hears himself.
The mom hears herself.	The dad hears herself.
The dad hears himself.	The dad hears herself.
The dad hears himself.	The mom hears himself.
The girl hears herself.	The girl hears himself.
The girl hears herself.	The boy hears herself.
The boy hears himself.	The boy hears herself.
The boy hears himself.	The girl hears himself.
The man hears himself.	The man hears herself.
The man hears himself.	The woman hears himself.
The woman hears herself.	The woman hears himself.
The woman hears herself.	The man hears herself.
The prince hears himself.	The prince hears herself.
The prince hears himself.	The princess hears himself.
The princess hears herself.	The princess hears himself.
The princess hears herself.	The prince hears herself.
The sister hears herself.	The sister hears himself.
The sister hears herself.	The brother hears herself.
The brother hears himself.	The brother hears herself.
The brother hears himself.	The sister hears himself.
The mom loves herself.	The mom loves himself.
The mom loves herself.	The dad loves herself.
The dad loves himself.	The dad loves herself.
The dad loves himself.	The mom loves himself.
The girl loves herself.	The girl loves himself.
The girl loves herself.	The boy loves herself.
The boy loves himself.	The boy loves herself.
The boy loves himself.	The girl loves himself.
The man loves himself.	The man loves herself.
The man loves himself.	The woman loves himself.
The woman loves herself.	The woman loves himself.
The woman loves herself.	The man loves herself.
The prince loves himself.	The prince loves herself.
The prince loves himself.	The princess loves himself.
The princess loves herself.	The princess loves himself.
The princess loves herself.	The prince loves herself.
The sister loves herself.	The sister loves himself.
The sister loves herself.	The brother loves herself.
The brother loves himself.	The brother loves herself.
The brother loves himself.	The sister loves himself.
The mom throws herself.	The mom throws himself.
The mom throws herself.	The dad throws herself.
The dad throws himself.	The dad throws herself.
The dad throws himself.	The mom throws himself.
The girl throws herself.	The girl throws himself.
The girl throws herself.	The boy throws herself.
The boy throws himself.	The boy throws herself.
The boy throws himself.	The girl throws himself.
The man throws himself.	The man throws herself.
The man throws himself.	The woman throws himself.
The woman throws herself.	The woman throws himself.
The woman throws herself.	The man throws herself.
The prince throws himself.	The prince throws herself.
The prince throws himself.	The princess throws himself.
The princess throws herself.	The princess throws himself.
The princess throws herself.	The prince throws herself.
The sister throws herself.	The sister throws himself.
The sister throws herself.	The brother throws herself.
The brother throws himself.	The brother throws herself.
The brother throws himself.	The sister throws himself.
The mom keeps herself.	The mom keeps himself.
The mom keeps herself.	The dad keeps herself.
The dad keeps himself.	The dad keeps herself.
The dad keeps himself.	The mom keeps himself.
The girl keeps herself.	The girl keeps himself.
The girl keeps herself.	The boy keeps herself.
The boy keeps himself.	The boy keeps herself.
The boy keeps himself.	The girl keeps himself.
The man keeps himself.	The man keeps herself.
The man keeps himself.	The woman keeps himself.
The woman keeps herself.	The woman keeps himself.
The woman keeps herself.	The man keeps herself.
The prince keeps himself.	The prince keeps herself.
The prince keeps himself.	The princess keeps himself.
The princess keeps herself.	The princess keeps himself.
The princess keeps herself.	The prince keeps herself.
The sister keeps herself.	The sister keeps himself.
The sister keeps herself.	The brother keeps herself.
The brother keeps himself.	The brother keeps herself.
The brother keeps himself.	The sister keeps himself.
The mom thanks herself.	The mom thanks himself.
The mom thanks herself.	The dad thanks herself.
The dad thanks himself.	The dad thanks herself.
The dad thanks himself.	The mom thanks himself.
The girl thanks herself.	The girl thanks himself.
The girl thanks herself.	The boy thanks herself.
The boy thanks himself.	The boy thanks herself.
The boy thanks himself.	The girl thanks himself.
The man thanks himself.	The man thanks herself.
The man thanks himself.	The woman thanks himself.
The woman thanks herself.	The woman thanks himself.
The woman thanks herself.	The man thanks herself.
The prince thanks himself.	The prince thanks herself.
The prince thanks himself.	The princess thanks himself.
The princess thanks herself.	The princess thanks himself.
The princess thanks herself.	The prince thanks herself.
The sister thanks herself.	The sister thanks himself.
The sister thanks herself.	The brother thanks herself.
The brother thanks himself.	The brother thanks herself.
The brother thanks himself.	The sister thanks himself.
The mom hurts herself.	The mom hurts himself.
The mom hurts herself.	The dad hurts herself.
The dad hurts himself.	The dad hurts herself.
The dad hurts himself.	The mom hurts himself.
The girl hurts herself.	The girl hurts himself.
The girl hurts herself.	The boy hurts herself.
The boy hurts himself.	The boy hurts herself.
The boy hurts himself.	The girl hurts himself.
The man hurts himself.	The man hurts herself.
The man hurts himself.	The woman hurts himself.
The woman hurts herself.	The woman hurts himself.
The woman hurts herself.	The man hurts herself.
The prince hurts himself.	The prince hurts herself.
The prince hurts himself.	The princess hurts himself.
The princess hurts herself.	The princess hurts himself.
The princess hurts herself.	The prince hurts herself.
The sister hurts herself.	The sister hurts himself.
The sister hurts herself.	The brother hurts herself.
The brother hurts himself.	The brother hurts herself.
The brother hurts himself.	The sister hurts himself.
The mom feels herself.	The mom feels himself.
The mom feels herself.	The dad feels herself.
The dad feels himself.	The dad feels herself.
The dad feels himself.	The mom feels himself.
The girl feels herself.	The girl feels himself.
The girl feels herself.	The boy feels herself.
The boy feels himself.	The boy feels herself.
The boy feels himself.	The girl feels himself.
The man feels himself.	The man feels herself.
The man feels himself.	The woman feels himself.
The woman feels herself.	The woman feels himself.
The woman feels herself.	The man feels herself.
The prince feels himself.	The prince feels herself.
The prince feels himself.	The princess feels himself.
The princess feels herself.	The princess feels himself.
The princess feels herself.	The prince feels herself.
The sister feels herself.	The sister feels himself.
The sister feels herself.	The brother feels herself.
The brother feels himself.	The brother feels herself.
The brother feels himself.	The sister feels himself.
The mom pulls herself.	The mom pulls himself.
The mom pulls herself.	The dad pulls herself.
The dad pulls himself.	The dad pulls herself.
The dad pulls himself.	The mom pulls himself.
The girl pulls herself.	The girl pulls himself.
The girl pulls herself.	The boy pulls herself.
The boy pulls himself.	The boy pulls herself.
The boy pulls himself.	The girl pulls himself.
The man pulls himself.	The man pulls herself.
The man pulls himself.	The woman pulls himself.
The woman pulls herself.	The woman pulls himself.
The woman pulls herself.	The man pulls herself.
The prince pulls himself.	The prince pulls herself.
The prince pulls himself.	The princess pulls himself.
The princess pulls herself.	The princess pulls himself.
The princess pulls herself.	The prince pulls herself.
The sister pulls herself.	The sister pulls himself.
The sister pulls herself.	The brother pulls herself.
The brother pulls himself.	The brother pulls herself.
The brother pulls himself.	The sister pulls himself.
The mom asks herself.	The mom asks himself.
The mom asks herself.	The dad asks herself.
The dad asks himself.	The dad asks herself.
The dad asks himself.	The mom asks himself.
The girl asks herself.	The girl asks himself.
The girl asks herself.	The boy asks herself.
The boy asks himself.	The boy asks herself.
The boy asks himself.	The girl asks himself.
The man asks himself.	The man asks herself.
The man asks himself.	The woman asks himself.
The woman asks herself.	The woman asks himself.
The woman asks herself.	The man asks herself.
The prince asks himself.	The prince asks herself.
The prince asks himself.	The princess asks himself.
The princess asks herself.	The princess asks himself.
The princess asks herself.	The prince asks herself.
The sister asks herself.	The sister asks himself.
The sister asks herself.	The brother asks herself.
The brother asks himself.	The brother asks herself.
The brother asks himself.	The sister asks himself.
The mom cuts herself.	The mom cuts himself.
The mom cuts herself.	The dad cuts herself.
The dad cuts himself.	The dad cuts herself.
The dad cuts himself.	The mom cuts himself.
The girl cuts herself.	The girl cuts himself.
The girl cuts herself.	The boy cuts herself.
The boy cuts himself.	The boy cuts herself.
The boy cuts himself.	The girl cuts himself.
The man cuts himself.	The man cuts herself.
The man cuts himself.	The woman cuts himself.
The woman cuts herself.	The woman cuts himself.
The woman cuts herself.	The man cuts herself.
The prince cuts himself.	The prince cuts herself.
The prince cuts himself.	The princess cuts himself.
The princess cuts herself.	The princess cuts himself.
The princess cuts herself.	The prince cuts herself.
The sister cuts herself.	The sister cuts himself.
The sister cuts herself.	The brother cuts herself.
The brother cuts himself.	The brother cuts herself.
The brother cuts himself.	The sister cuts himself.
The mom washes herself.	The mom washes himself.
The mom washes herself.	The dad washes herself.
The dad washes himself.	The dad washes herself.
The dad washes himself.	The mom washes himself.
The girl washes herself.	The girl washes himself.
The girl washes herself.	The boy washes herself.
The boy washes himself.	The boy washes herself.
The boy washes himself.	The girl washes himself.
The man washes himself.	The man washes herself.
The man washes himself.	The woman washes himself.
The woman washes herself.	The woman washes himself.
The woman washes herself.	The man washes herself.
The prince washes himself.	The prince washes herself.
The prince washes himself.	The princess washes himself.
The princess washes herself.	The princess washes himself.
The princess washes herself.	The prince washes herself.
The sister washes herself.	The sister washes himself.
The sister washes herself.	The brother washes herself.
The brother washes himself.	The brother washes herself.
The brother washes himself.	The sister washes himself.
The mom draws herself.	The mom draws himself.
The mom draws herself.	The dad draws herself.
The dad draws himself.	The dad draws herself.
The dad draws himself.	The mom draws himself.
The girl draws herself.	The girl draws himself.
The girl draws herself.	The boy draws herself.
The boy draws himself.	The boy draws herself.
The boy draws himself.	The girl draws himself.
The man draws himself.	The man draws herself.
The man draws himself.	The woman draws himself.
The woman draws herself.	The woman draws himself.
The woman draws herself.	The man draws herself.
The prince draws himself.	The prince draws herself.
The prince draws himself.	The princess draws himself.
The princess draws herself.	The princess draws himself.
The princess draws herself.	The prince draws herself.
The sister draws herself.	The sister draws himself.
The sister draws herself.	The brother draws herself.
The brother draws himself.	The brother draws herself.
The brother draws himself.	The sister draws himself.
The mom hits herself.	The mom hits himself.
The mom hits herself.	The dad hits herself.
The dad hits himself.	The dad hits herself.
The dad hits himself.	The mom hits himself.
The girl hits herself.	The girl hits himself.
The girl hits herself.	The boy hits herself.
The boy hits himself.	The boy hits herself.
The boy hits himself.	The girl hits himself.
The man hits himself.	The man hits herself.
The man hits himself.	The woman hits himself.
The woman hits herself.	The woman hits himself.
The woman hits herself.	The man hits herself.
The prince hits himself.	The prince hits herself.
The prince hits himself.	The princess hits himself.
The princess hits herself.	The princess hits himself.
The princess hits herself.	The prince hits herself.
The sister hits herself.	The sister hits himself.
The sister hits herself.	The brother hits herself.
The brother hits himself.	The brother hits herself.
The brother hits himself.	The sister hits himself.
The mom touches herself.	The mom touches himself.
The mom touches herself.	The dad touches herself.
The dad touches himself.	The dad touches herself.
The dad touches himself.	The mom touches himself.
The girl touches herself.	The girl touches himself.
The girl touches herself.	The boy touches herself.
The boy touches himself.	The boy touches herself.
The boy touches himself.	The girl touches himself.
The man touches himself.	The man touches herself.
The man touches himself.	The woman touches himself.
The woman touches herself.	The woman touches himself.
The woman touches herself.	The man touches herself.
The prince touches himself.	The prince touches herself.
The prince touches himself.	The princess touches himself.
The princess touches herself.	The princess touches himself.
The princess touches herself.	The prince touches herself.
The sister touches herself.	The sister touches himself.
The sister touches herself.	The brother touches herself.
The brother touches himself.	The brother touches herself.
The brother touches himself.	The sister touches himself.
The mom forgets herself.	The mom forgets himself.
The mom forgets herself.	The dad forgets herself.
The dad forgets himself.	The dad forgets herself.
The dad forgets himself.	The mom forgets himself.
The girl forgets herself.	The girl forgets himself.
The girl forgets herself.	The boy forgets herself.
The boy forgets himself.	The boy forgets herself.
The boy forgets himself.	The girl forgets himself.
The man forgets himself.	The man forgets herself.
The man forgets himself.	The woman forgets himself.
The woman forgets herself.	The woman forgets himself.
The woman forgets herself.	The man forgets herself.
The prince forgets himself.	The prince forgets herself.
The prince forgets himself.	The princess forgets himself.
The princess forgets herself.	The princess forgets himself.
The princess forgets herself.	The prince forgets herself.
The sister forgets herself.	The sister forgets himself.
The sister forgets herself.	The brother forgets herself.
The brother forgets himself.	The brother forgets herself.
The brother forgets himself.	The sister forgets himself.
The mom feeds herself.	The mom feeds himself.
The mom feeds herself.	The dad feeds herself.
The dad feeds himself.	The dad feeds herself.
The dad feeds himself.	The mom feeds himself.
The girl feeds herself.	The girl feeds himself.
The girl feeds herself.	The boy feeds herself.
The boy feeds himself.	The boy feeds herself.
The boy feeds himself.	The girl feeds himself.
The man feeds himself.	The man feeds herself.
The man feeds himself.	The woman feeds himself.
The woman feeds herself.	The woman feeds himself.
The woman feeds herself.	The man feeds herself.
The prince feeds himself.	The prince feeds herself.
The prince feeds himself.	The princess feeds himself.
The princess feeds herself.	The princess feeds himself.
The princess feeds herself.	The prince feeds herself.
The sister feeds herself.	The sister feeds himself.
The sister feeds herself.	The brother feeds herself.
The brother feeds himself.	The brother feeds herself.
The brother feeds himself.	The sister feeds himself.
The mom loses herself.	The mom loses himself.
The mom loses herself.	The dad loses herself.
The dad loses himself.	The dad loses herself.
The dad loses himself.	The mom loses himself.
The girl loses herself.	The girl loses himself.
The girl loses herself.	The boy loses herself.
The boy loses himself.	The boy loses herself.
The boy loses himself.	The girl loses himself.
The man loses himself.	The man loses herself.
The man loses himself.	The woman loses himself.
The woman loses herself.	The woman loses himself.
The woman loses herself.	The man loses herself.
The prince loses himself.	The prince loses herself.
The prince loses himself.	The princess loses himself.
The princess loses herself.	The princess loses himself.
The princess loses herself.	The prince loses herself.
The sister loses herself.	The sister loses himself.
The sister loses herself.	The brother loses herself.
The brother loses himself.	The brother loses herself.
The brother loses himself.	The sister loses himself.
The mom hangs herself.	The mom hangs himself.
The mom hangs herself.	The dad hangs herself.
The dad hangs himself.	The dad hangs herself.
The dad hangs himself.	The mom hangs himself.
The girl hangs herself.	The girl hangs himself.
The girl hangs herself.	The boy hangs herself.
The boy hangs himself.	The boy hangs herself.
The boy hangs himself.	The girl hangs himself.
The man hangs himself.	The man hangs herself.
The man hangs himself.	The woman hangs himself.
The woman hangs herself.	The woman hangs himself.
The woman hangs herself.	The man hangs herself.
The prince hangs himself.	The prince hangs herself.
The prince hangs himself.	The princess hangs himself.
The princess hangs herself.	The princess hangs himself.
The princess hangs herself.	The prince hangs herself.
The sister hangs herself.	The sister hangs himself.
The sister hangs herself.	The brother hangs herself.
The brother hangs himself.	The brother hangs herself.
The brother hangs himself.	The sister hangs himself.
The mom carries herself.	The mom carries himself.
The mom carries herself.	The dad carries herself.
The dad carries himself.	The dad carries herself.
The dad carries himself.	The mom carries himself.
The girl carries herself.	The girl carries himself.
The girl carries herself.	The boy carries herself.
The boy carries himself.	The boy carries herself.
The boy carries himself.	The girl carries himself.
The man carries himself.	The man carries herself.
The man carries himself.	The woman carries himself.
The woman carries herself.	The woman carries himself.
The woman carries herself.	The man carries herself.
The prince carries himself.	The prince carries herself.
The prince carries himself.	The princess carries himself.
The princess carries herself.	The princess carries himself.
The princess carries herself.	The prince carries herself.
The sister carries herself.	The sister carries himself.
The sister carries herself.	The brother carries herself.
The brother carries himself.	The brother carries herself.
The brother carries himself.	The sister carries himself.
The mom excuses herself.	The mom excuses himself.
The mom excuses herself.	The dad excuses herself.
The dad excuses himself.	The dad excuses herself.
The dad excuses himself.	The mom excuses himself.
The girl excuses herself.	The girl excuses himself.
The girl excuses herself.	The boy excuses herself.
The boy excuses himself.	The boy excuses herself.
The boy excuses himself.	The girl excuses himself.
The man excuses himself.	The man excuses herself.
The man excuses himself.	The woman excuses himself.
The woman excuses herself.	The woman excuses himself.
The woman excuses herself.	The man excuses herself.
The prince excuses himself.	The prince excuses herself.
The prince excuses himself.	The princess excuses himself.
The princess excuses herself.	The princess excuses himself.
The princess excuses herself.	The prince excuses herself.
The sister excuses herself.	The sister excuses himself.
The sister excuses herself.	The brother excuses herself.
The brother excuses himself.	The brother excuses herself.
The brother excuses himself.	The sister excuses himself.
The mom pours herself.	The mom pours himself.
The mom pours herself.	The dad pours herself.
The dad pours himself.	The dad pours herself.
The dad pours himself.	The mom pours himself.
The girl pours herself.	The girl pours himself.
The girl pours herself.	The boy pours herself.
The boy pours himself.	The boy pours herself.
The boy pours himself.	The girl pours himself.
The man pours himself.	The man pours herself.
The man pours himself.	The woman pours himself.
The woman pours herself.	The woman pours himself.
The woman pours herself.	The man pours herself.
The prince pours himself.	The prince pours herself.
The prince pours himself.	The princess pours himself.
The princess pours herself.	The princess pours himself.
The princess pours herself.	The prince pours herself.
The sister pours herself.	The sister pours himself.
The sister pours herself.	The brother pours herself.
The brother pours himself.	The brother pours herself.
The brother pours himself.	The sister pours himself.
The mom wipes herself.	The mom wipes himself.
The mom wipes herself.	The dad wipes herself.
The dad wipes himself.	The dad wipes herself.
The dad wipes himself.	The mom wipes himself.
The girl wipes herself.	The girl wipes himself.
The girl wipes herself.	The boy wipes herself.
The boy wipes himself.	The boy wipes herself.
The boy wipes himself.	The girl wipes himself.
The man wipes himself.	The man wipes herself.
The man wipes himself.	The woman wipes himself.
The woman wipes herself.	The woman wipes himself.
The woman wipes herself.	The man wipes herself.
The prince wipes himself.	The prince wipes herself.
The prince wipes himself.	The princess wipes himself.
The princess wipes herself.	The princess wipes himself.
The princess wipes herself.	The prince wipes herself.
The sister wipes herself.	The sister wipes himself.
The sister wipes herself.	The brother wipes herself.
The brother wipes himself.	The brother wipes herself.
The brother wipes himself.	The sister wipes himself.
The mom kicks herself.	The mom kicks himself.
The mom kicks herself.	The dad kicks herself.
The dad kicks himself.	The dad kicks herself.
The dad kicks himself.	The mom kicks himself.
The girl kicks herself.	The girl kicks himself.
The girl kicks herself.	The boy kicks herself.
The boy kicks himself.	The boy kicks herself.
The boy kicks himself.	The girl kicks himself.
The man kicks himself.	The man kicks herself.
The man kicks himself.	The woman kicks himself.
The woman kicks herself.	The woman kicks himself.
The woman kicks herself.	The man kicks herself.
The prince kicks himself.	The prince kicks herself.
The prince kicks himself.	The princess kicks himself.
The princess kicks herself.	The princess kicks himself.
The princess kicks herself.	The prince kicks herself.
The sister kicks herself.	The sister kicks himself.
The sister kicks herself.	The brother kicks herself.
The brother kicks himself.	The brother kicks herself.
The brother kicks himself.	The sister kicks himself.
The mom smells herself.	The mom smells himself.
The mom smells herself.	The dad smells herself.
The dad smells himself.	The dad smells herself.
The dad smells himself.	The mom smells himself.
The girl smells herself.	The girl smells himself.
The girl smells herself.	The boy smells herself.
The boy smells himself.	The boy smells herself.
The boy smells himself.	The girl smells himself.
The man smells himself.	The man smells herself.
The man smells himself.	The woman smells himself.
The woman smells herself.	The woman smells himself.
The woman smells herself.	The man smells herself.
The prince smells himself.	The prince smells herself.
The prince smells himself.	The princess smells himself.
The princess smells herself.	The princess smells himself.
The princess smells herself.	The prince smells herself.
The sister smells herself.	The sister smells himself.
The sister smells herself.	The brother smells herself.
The brother smells himself.	The brother smells herself.
The brother smells himself.	The sister smells himself.
The mom understands herself.	The mom understands himself.
The mom understands herself.	The dad understands herself.
The dad understands himself.	The dad understands herself.
The dad understands himself.	The mom understands himself.
The girl understands herself.	The girl understands himself.
The girl understands herself.	The boy understands herself.
The boy understands himself.	The boy understands herself.
The boy understands himself.	The girl understands himself.
The man understands himself.	The man understands herself.
The man understands himself.	The woman understands himself.
The woman understands herself.	The woman understands himself.
The woman understands herself.	The man understands herself.
The prince understands himself.	The prince understands herself.
The prince understands himself.	The princess understands himself.
The princess understands herself.	The princess understands himself.
The princess understands herself.	The prince understands herself.
The sister understands herself.	The sister understands himself.
The sister understands herself.	The brother understands herself.
The brother understands himself.	The brother understands herself.
The brother understands himself.	The sister understands himself.
The mom kills herself.	The mom kills himself.
The mom kills herself.	The dad kills herself.
The dad kills himself.	The dad kills herself.
The dad kills himself.	The mom kills himself.
The girl kills herself.	The girl kills himself.
The girl kills herself.	The boy kills herself.
The boy kills himself.	The boy kills herself.
The boy kills himself.	The girl kills himself.
The man kills himself.	The man kills herself.
The man kills himself.	The woman kills himself.
The woman kills herself.	The woman kills himself.
The woman kills herself.	The man kills herself.
The prince kills himself.	The prince kills herself.
The prince kills himself.	The princess kills himself.
The princess kills herself.	The princess kills himself.
The princess kills herself.	The prince kills herself.
The sister kills herself.	The sister kills himself.
The sister kills herself.	The brother kills herself.
The brother kills himself.	The brother kills herself.
The brother kills himself.	The sister kills himself.
The mom hates herself.	The mom hates himself.
The mom hates herself.	The dad hates herself.
The dad hates himself.	The dad hates herself.
The dad hates himself.	The mom hates himself.
The girl hates herself.	The girl hates himself.
The girl hates herself.	The boy hates herself.
The boy hates himself.	The boy hates herself.
The boy hates himself.	The girl hates himself.
The man hates himself.	The man hates herself.
The man hates himself.	The woman hates himself.
The woman hates herself.	The woman hates himself.
The woman hates herself.	The man hates herself.
The prince hates himself.	The prince hates herself.
The prince hates himself.	The princess hates himself.
The princess hates herself.	The princess hates himself.
The princess hates herself.	The prince hates herself.
The sister hates herself.	The sister hates himself.
The sister hates herself.	The brother hates herself.
The brother hates himself.	The brother hates herself.
The brother hates himself.	The sister hates himself.
The mom licks herself.	The mom licks himself.
The mom licks herself.	The dad licks herself.
The dad licks himself.	The dad licks herself.
The dad licks himself.	The mom licks himself.
The girl licks herself.	The girl licks himself.
The girl licks herself.	The boy licks herself.
The boy licks himself.	The boy licks herself.
The boy licks himself.	The girl licks himself.
The man licks himself.	The man licks herself.
The man licks himself.	The woman licks himself.
The woman licks herself.	The woman licks himself.
The woman licks herself.	The man licks herself.
The prince licks himself.	The prince licks herself.
The prince licks himself.	The princess licks himself.
The princess licks herself.	The princess licks himself.
The princess licks herself.	The prince licks herself.
The sister licks herself.	The sister licks himself.
The sister licks herself.	The brother licks herself.
The brother licks himself.	The brother licks herself.
The brother licks himself.	The sister licks himself.
The mom decides herself.	The mom decides himself.
The mom decides herself.	The dad decides herself.
The dad decides himself.	The dad decides herself.
The dad decides himself.	The mom decides himself.
The girl decides herself.	The girl decides himself.
The girl decides herself.	The boy decides herself.
The boy decides himself.	The boy decides herself.
The boy decides himself.	The girl decides himself.
The man decides himself.	The man decides herself.
The man decides himself.	The woman decides himself.
The woman decides herself.	The woman decides himself.
The woman decides herself.	The man decides herself.
The prince decides himself.	The prince decides herself.
The prince decides himself.	The princess decides himself.
The princess decides herself.	The princess decides himself.
The princess decides herself.	The prince decides herself.
The sister decides herself.	The sister decides himself.
The sister decides herself.	The brother decides herself.
The brother decides himself.	The brother decides herself.
The brother decides himself.	The sister decides himself.
The mom enjoys herself.	The mom enjoys himself.
The mom enjoys herself.	The dad enjoys herself.
The dad enjoys himself.	The dad enjoys herself.
The dad enjoys himself.	The mom enjoys himself.
The girl enjoys herself.	The girl enjoys himself.
The girl enjoys herself.	The boy enjoys herself.
The boy enjoys himself.	The boy enjoys herself.
The boy enjoys himself.	The girl enjoys himself.
The man enjoys himself.	The man enjoys herself.
The man enjoys himself.	The woman enjoys himself.
The woman enjoys herself.	The woman enjoys himself.
The woman enjoys herself.	The man enjoys herself.
The prince enjoys himself.	The prince enjoys herself.
The prince enjoys himself.	The princess enjoys himself.
The princess enjoys herself.	The princess enjoys himself.
The princess enjoys herself.	The prince enjoys herself.
The sister enjoys herself.	The sister enjoys himself.
The sister enjoys herself.	The brother enjoys herself.
The brother enjoys himself.	The brother enjoys herself.
The brother enjoys himself.	The sister enjoys himself.
The mom promises herself.	The mom promises himself.
The mom promises herself.	The dad promises herself.
The dad promises himself.	The dad promises herself.
The dad promises himself.	The mom promises himself.
The girl promises herself.	The girl promises himself.
The girl promises herself.	The boy promises herself.
The boy promises himself.	The boy promises herself.
The boy promises himself.	The girl promises himself.
The man promises himself.	The man promises herself.
The man promises himself.	The woman promises himself.
The woman promises herself.	The woman promises himself.
The woman promises herself.	The man promises herself.
The prince promises himself.	The prince promises herself.
The prince promises himself.	The princess promises himself.
The princess promises herself.	The princess promises himself.
The princess promises herself.	The prince promises herself.
The sister promises herself.	The sister promises himself.
The sister promises herself.	The brother promises herself.
The brother promises himself.	The brother promises herself.
The brother promises himself.	The sister promises himself.
The mom serves herself.	The mom serves himself.
The mom serves herself.	The dad serves herself.
The dad serves himself.	The dad serves herself.
The dad serves himself.	The mom serves himself.
The girl serves herself.	The girl serves himself.
The girl serves herself.	The boy serves herself.
The boy serves himself.	The boy serves herself.
The boy serves himself.	The girl serves himself.
The man serves himself.	The man serves herself.
The man serves himself.	The woman serves himself.
The woman serves herself.	The woman serves himself.
The woman serves herself.	The man serves herself.
The prince serves himself.	The prince serves herself.
The prince serves himself.	The princess serves himself.
The princess serves herself.	The princess serves himself.
The princess serves herself.	The prince serves herself.
The sister serves herself.	The sister serves himself.
The sister serves herself.	The brother serves herself.
The brother serves himself.	The brother serves herself.
The brother serves himself.	The sister serves himself.
The mom explains herself.	The mom explains himself.
The mom explains herself.	The dad explains herself.
The dad explains himself.	The dad explains herself.
The dad explains himself.	The mom explains himself.
The girl explains herself.	The girl explains himself.
The girl explains herself.	The boy explains herself.
The boy explains himself.	The boy explains herself.
The boy explains himself.	The girl explains himself.
The man explains himself.	The man explains herself.
The man explains himself.	The woman explains himself.
The woman explains herself.	The woman explains himself.
The woman explains herself.	The man explains herself.
The prince explains himself.	The prince explains herself.
The prince explains himself.	The princess explains himself.
The princess explains herself.	The princess explains himself.
The princess explains herself.	The prince explains herself.
The sister explains herself.	The sister explains himself.
The sister explains herself.	The brother explains herself.
The brother explains himself.	The brother explains herself.
The brother explains himself.	The sister explains himself.
The mom imagines herself.	The mom imagines himself.
The mom imagines herself.	The dad imagines herself.
The dad imagines himself.	The dad imagines herself.
The dad imagines himself.	The mom imagines himself.
The girl imagines herself.	The girl imagines himself.
The girl imagines herself.	The boy imagines herself.
The boy imagines himself.	The boy imagines herself.
The boy imagines himself.	The girl imagines himself.
The man imagines himself.	The man imagines herself.
The man imagines himself.	The woman imagines himself.
The woman imagines herself.	The woman imagines himself.
The woman imagines herself.	The man imagines herself.
The prince imagines himself.	The prince imagines herself.
The prince imagines himself.	The princess imagines himself.
The princess imagines herself.	The princess imagines himself.
The princess imagines herself.	The prince imagines herself.
The sister imagines herself.	The sister imagines himself.
The sister imagines herself.	The brother imagines herself.
The brother imagines himself.	The brother imagines herself.
The brother imagines himself.	The sister imagines himself.
The mom protects herself.	The mom protects himself.
The mom protects herself.	The dad protects herself.
The dad protects himself.	The dad protects herself.
The dad protects himself.	The mom protects himself.
The girl protects herself.	The girl protects himself.
The girl protects herself.	The boy protects herself.
The boy protects himself.	The boy protects herself.
The boy protects himself.	The girl protects himself.
The man protects himself.	The man protects herself.
The man protects himself.	The woman protects himself.
The woman protects herself.	The woman protects himself.
The woman protects herself.	The man protects herself.
The prince protects himself.	The prince protects herself.
The prince protects himself.	The princess protects himself.
The princess protects herself.	The princess protects himself.
The princess protects herself.	The prince protects herself.
The sister protects herself.	The sister protects himself.
The sister protects herself.	The brother protects herself.
The brother protects himself.	The brother protects herself.
The brother protects himself.	The sister protects himself.
The mom destroys herself.	The mom destroys himself.
The mom destroys herself.	The dad destroys herself.
The dad destroys himself.	The dad destroys herself.
The dad destroys himself.	The mom destroys himself.
The girl destroys herself.	The girl destroys himself.
The girl destroys herself.	The boy destroys herself.
The boy destroys himself.	The boy destroys herself.
The boy destroys himself.	The girl destroys himself.
The man destroys himself.	The man destroys herself.
The man destroys himself.	The woman destroys himself.
The woman destroys herself.	The woman destroys himself.
The woman destroys herself.	The man destroys herself.
The prince destroys himself.	The prince destroys herself.
The prince destroys himself.	The princess destroys himself.
The princess destroys herself.	The princess destroys himself.
The princess destroys herself.	The prince destroys herself.
The sister destroys herself.	The sister destroys himself.
The sister destroys herself.	The brother destroys herself.
The brother destroys himself.	The brother destroys herself.
The brother destroys himself.	The sister destroys himself.
The mom encourages herself.	The mom encourages himself.
The mom encourages herself.	The dad encourages herself.
The dad encourages himself.	The dad encourages herself.
The dad encourages himself.	The mom encourages himself.
The girl encourages herself.	The girl encourages himself.
The girl encourages herself.	The boy encourages herself.
The boy encourages himself.	The boy encourages herself.
The boy encourages himself.	The girl encourages himself.
The man encourages himself.	The man encourages herself.
The man encourages himself.	The woman encourages himself.
The woman encourages herself.	The woman encourages himself.
The woman encourages herself.	The man encourages herself.
The prince encourages himself.	The prince encourages herself.
The prince encourages himself.	The princess encourages himself.
The princess encourages herself.	The princess encourages himself.
The princess encourages herself.	The prince encourages herself.
The sister encourages herself.	The sister encourages himself.
The sister encourages herself.	The brother encourages herself.
The brother encourages himself.	The brother encourages herself.
The brother encourages himself.	The sister encourages himself.
The mom burns herself.	The mom burns himself.
The mom burns herself.	The dad burns herself.
The dad burns himself.	The dad burns herself.
The dad burns himself.	The mom burns himself.
The girl burns herself.	The girl burns himself.
The girl burns herself.	The boy burns herself.
The boy burns himself.	The boy burns herself.
The boy burns himself.	The girl burns himself.
The man burns himself.	The man burns herself.
The man burns himself.	The woman burns himself.
The woman burns herself.	The woman burns himself.
The woman burns herself.	The man burns herself.
The prince burns himself.	The prince burns herself.
The prince burns himself.	The princess burns himself.
The princess burns herself.	The princess burns himself.
The princess burns herself.	The prince burns herself.
The sister burns herself.	The sister burns himself.
The sister burns herself.	The brother burns herself.
The brother burns himself.	The brother burns herself.
The brother burns himself.	The sister burns himself.
The mom stretches herself.	The mom stretches himself.
The mom stretches herself.	The dad stretches herself.
The dad stretches himself.	The dad stretches herself.
The dad stretches himself.	The mom stretches himself.
The girl stretches herself.	The girl stretches himself.
The girl stretches herself.	The boy stretches herself.
The boy stretches himself.	The boy stretches herself.
The boy stretches himself.	The girl stretches himself.
The man stretches himself.	The man stretches herself.
The man stretches himself.	The woman stretches himself.
The woman stretches herself.	The woman stretches himself.
The woman stretches herself.	The man stretches herself.
The prince stretches himself.	The prince stretches herself.
The prince stretches himself.	The princess stretches himself.
The princess stretches herself.	The princess stretches himself.
The princess stretches herself.	The prince stretches herself.
The sister stretches herself.	The sister stretches himself.
The sister stretches herself.	The brother stretches herself.
The brother stretches himself.	The brother stretches herself.
The brother stretches himself.	The sister stretches himself.
The mom moves herself.	The mom moves himself.
The mom moves herself.	The dad moves herself.
The dad moves himself.	The dad moves herself.
The dad moves himself.	The mom moves himself.
The girl moves herself.	The girl moves himself.
The girl moves herself.	The boy moves herself.
The boy moves himself.	The boy moves herself.
The boy moves himself.	The girl moves himself.
The man moves himself.	The man moves herself.
The man moves himself.	The woman moves himself.
The woman moves herself.	The woman moves himself.
The woman moves herself.	The man moves herself.
The prince moves himself.	The prince moves herself.
The prince moves himself.	The princess moves himself.
The princess moves herself.	The princess moves himself.
The princess moves herself.	The prince moves herself.
The sister moves herself.	The sister moves himself.
The sister moves herself.	The brother moves herself.
The brother moves himself.	The brother moves herself.
The brother moves himself.	The sister moves himself.
The mom believes herself.	The mom believes himself.
The mom believes herself.	The dad believes herself.
The dad believes himself.	The dad believes herself.
The dad believes himself.	The mom believes himself.
The girl believes herself.	The girl believes himself.
The girl believes herself.	The boy believes herself.
The boy believes himself.	The boy believes herself.
The boy believes himself.	The girl believes himself.
The man believes himself.	The man believes herself.
The man believes himself.	The woman believes himself.
The woman believes herself.	The woman believes himself.
The woman believes herself.	The man believes herself.
The prince believes himself.	The prince believes herself.
The prince believes himself.	The princess believes himself.
The princess believes herself.	The princess believes himself.
The princess believes herself.	The prince believes herself.
The sister believes herself.	The sister believes himself.
The sister believes herself.	The brother believes herself.
The brother believes himself.	The brother believes herself.
The brother believes himself.	The sister believes himself.
The mom wraps herself.	The mom wraps himself.
The mom wraps herself.	The dad wraps herself.
The dad wraps himself.	The dad wraps herself.
The dad wraps himself.	The mom wraps himself.
The girl wraps herself.	The girl wraps himself.
The girl wraps herself.	The boy wraps herself.
The boy wraps himself.	The boy wraps herself.
The boy wraps himself.	The girl wraps himself.
The man wraps himself.	The man wraps herself.
The man wraps himself.	The woman wraps himself.
The woman wraps herself.	The woman wraps himself.
The woman wraps herself.	The man wraps herself.
The prince wraps himself.	The prince wraps herself.
The prince wraps himself.	The princess wraps himself.
The princess wraps herself.	The princess wraps himself.
The princess wraps herself.	The prince wraps herself.
The sister wraps herself.	The sister wraps himself.
The sister wraps herself.	The brother wraps herself.
The brother wraps himself.	The brother wraps herself.
The brother wraps himself.	The sister wraps himself.
The mom invites herself.	The mom invites himself.
The mom invites herself.	The dad invites herself.
The dad invites himself.	The dad invites herself.
The dad invites himself.	The mom invites himself.
The girl invites herself.	The girl invites himself.
The girl invites herself.	The boy invites herself.
The boy invites himself.	The boy invites herself.
The boy invites himself.	The girl invites himself.
The man invites himself.	The man invites herself.
The man invites himself.	The woman invites himself.
The woman invites herself.	The woman invites himself.
The woman invites herself.	The man invites herself.
The prince invites himself.	The prince invites herself.
The prince invites himself.	The princess invites himself.
The princess invites herself.	The princess invites himself.
The princess invites herself.	The prince invites herself.
The sister invites herself.	The sister invites himself.
The sister invites herself.	The brother invites herself.
The brother invites himself.	The brother invites herself.
The brother invites himself.	The sister invites himself.
