Each good mom.	Many good mom.
Many good moms.	Each good moms.
Each good mom.	Each good moms.
Many good moms.	Many good mom.
Each good dad.	Many good dad.
Many good dads.	Each good dads.
Each good dad.	Each good dads.
Many good dads.	Many good dad.
Each good girl.	Many good girl.
Many good girls.	Each good girls.
Each good girl.	Each good girls.
Many good girls.	Many good girl.
Each good boy.	Many good boy.
Many good boys.	Each good boys.
Each good boy.	Each good boys.
Many good boys.	Many good boy.
Each good man.	Many good man.
Many good men.	Each good men.
Each good man.	Each good men.
Many good men.	Many good man.
Each good woman.	Many good woman.
Many good women.	Each good women.
Each good woman.	Each good women.
Many good women.	Many good woman.
Each good prince.	Many good prince.
Many good princes.	Each good princes.
Each good prince.	Each good princes.
Many good princes.	Many good prince.
Each good princess.	Many good princess.
Many good princesses.	Each good princesses.
Each good princess.	Each good princesses.
Many good princesses.	Many good princess.
Each good sister.	Many good sister.
Many good sisters.	Each good sisters.
Each good sister.	Each good sisters.
Many good sisters.	Many good sister.
Each good brother.	Many good brother.
Many good brothers.	Each good brothers.
Each good brother.	Each good brothers.
Many good brothers.	Many good brother.
Each little mom.	Many little mom.
Many little moms.	Each little moms.
Each little mom.	Each little moms.
Many little moms.	Many little mom.
Each little dad.	Many little dad.
Many little dads.	Each little dads.
Each little dad.	Each little dads.
Many little dads.	Many little dad.
Each little girl.	Many little girl.
Many little girls.	Each little girls.
Each little girl.	Each little girls.
Many little girls.	Many little girl.
Each little boy.	Many little boy.
Many little boys.	Each little boys.
Each little boy.	Each little boys.
Many little boys.	Many little boy.
Each little man.	Many little man.
Many little men.	Each little men.
Each little man.	Each little men.
Many little men.	Many little man.
Each little woman.	Many little woman.
Many little women.	Each little women.
Each little woman.	Each little women.
Many little women.	Many little woman.
Each little prince.	Many little prince.
Many little princes.	Each little princes.
Each little prince.	Each little princes.
Many little princes.	Many little prince.
Each little princess.	Many little princess.
Many little princesses.	Each little princesses.
Each little princess.	Each little princesses.
Many little princesses.	Many little princess.
Each little sister.	Many little sister.
Many little sisters.	Each little sisters.
Each little sister.	Each little sisters.
Many little sisters.	Many little sister.
Each little brother.	Many little brother.
Many little brothers.	Each little brothers.
Each little brother.	Each little brothers.
Many little brothers.	Many little brother.
Each big mom.	Many big mom.
Many big moms.	Each big moms.
Each big mom.	Each big moms.
Many big moms.	Many big mom.
Each big dad.	Many big dad.
Many big dads.	Each big dads.
Each big dad.	Each big dads.
Many big dads.	Many big dad.
Each big girl.	Many big girl.
Many big girls.	Each big girls.
Each big girl.	Each big girls.
Many big girls.	Many big girl.
Each big boy.	Many big boy.
Many big boys.	Each big boys.
Each big boy.	Each big boys.
Many big boys.	Many big boy.
Each big man.	Many big man.
Many big men.	Each big men.
Each big man.	Each big men.
Many big men.	Many big man.
Each big woman.	Many big woman.
Many big women.	Each big women.
Each big woman.	Each big women.
Many big women.	Many big woman.
Each big prince.	Many big prince.
Many big princes.	Each big princes.
Each big prince.	Each big princes.
Many big princes.	Many big prince.
Each big princess.	Many big princess.
Many big princesses.	Each big princesses.
Each big princess.	Each big princesses.
Many big princesses.	Many big princess.
Each big sister.	Many big sister.
Many big sisters.	Each big sisters.
Each big sister.	Each big sisters.
Many big sisters.	Many big sister.
Each big brother.	Many big brother.
Many big brothers.	Each big brothers.
Each big brother.	Each big brothers.
Many big brothers.	Many big brother.
Each nice mom.	Many nice mom.
Many nice moms.	Each nice moms.
Each nice mom.	Each nice moms.
Many nice moms.	Many nice mom.
Each nice dad.	Many nice dad.
Many nice dads.	Each nice dads.
Each nice dad.	Each nice dads.
Many nice dads.	Many nice dad.
Each nice girl.	Many nice girl.
Many nice girls.	Each nice girls.
Each nice girl.	Each nice girls.
Many nice girls.	Many nice girl.
Each nice boy.	Many nice boy.
Many nice boys.	Each nice boys.
Each nice boy.	Each nice boys.
Many nice boys.	Many nice boy.
Each nice man.	Many nice man.
Many nice men.	Each nice men.
Each nice man.	Each nice men.
Many nice men.	Many nice man.
Each nice woman.	Many nice woman.
Many nice women.	Each nice women.
Each nice woman.	Each nice women.
Many nice women.	Many nice woman.
Each nice prince.	Many nice prince.
Many nice princes.	Each nice princes.
Each nice prince.	Each nice princes.
Many nice princes.	Many nice prince.
Each nice princess.	Many nice princess.
Many nice princesses.	Each nice princesses.
Each nice princess.	Each nice princesses.
Many nice princesses.	Many nice princess.
Each nice sister.	Many nice sister.
Many nice sisters.	Each nice sisters.
Each nice sister.	Each nice sisters.
Many nice sisters.	Many nice sister.
Each nice brother.	Many nice brother.
Many nice brothers.	Each nice brothers.
Each nice brother.	Each nice brothers.
Many nice brothers.	Many nice brother.
Each new mom.	Many new mom.
Many new moms.	Each new moms.
Each new mom.	Each new moms.
Many new moms.	Many new mom.
Each new dad.	Many new dad.
Many new dads.	Each new dads.
Each new dad.	Each new dads.
Many new dads.	Many new dad.
Each new girl.	Many new girl.
Many new girls.	Each new girls.
Each new girl.	Each new girls.
Many new girls.	Many new girl.
Each new boy.	Many new boy.
Many new boys.	Each new boys.
Each new boy.	Each new boys.
Many new boys.	Many new boy.
Each new man.	Many new man.
Many new men.	Each new men.
Each new man.	Each new men.
Many new men.	Many new man.
Each new woman.	Many new woman.
Many new women.	Each new women.
Each new woman.	Each new women.
Many new women.	Many new woman.
Each new prince.	Many new prince.
Many new princes.	Each new princes.
Each new prince.	Each new princes.
Many new princes.	Many new prince.
Each new princess.	Many new princess.
Many new princesses.	Each new princesses.
Each new princess.	Each new princesses.
Many new princesses.	Many new princess.
Each new sister.	Many new sister.
Many new sisters.	Each new sisters.
Each new sister.	Each new sisters.
Many new sisters.	Many new sister.
Each new brother.	Many new brother.
Many new brothers.	Each new brothers.
Each new brother.	Each new brothers.
Many new brothers.	Many new brother.
Each hot mom.	Many hot mom.
Many hot moms.	Each hot moms.
Each hot mom.	Each hot moms.
Many hot moms.	Many hot mom.
Each hot dad.	Many hot dad.
Many hot dads.	Each hot dads.
Each hot dad.	Each hot dads.
Many hot dads.	Many hot dad.
Each hot girl.	Many hot girl.
Many hot girls.	Each hot girls.
Each hot girl.	Each hot girls.
Many hot girls.	Many hot girl.
Each hot boy.	Many hot boy.
Many hot boys.	Each hot boys.
Each hot boy.	Each hot boys.
Many hot boys.	Many hot boy.
Each hot man.	Many hot man.
Many hot men.	Each hot men.
Each hot man.	Each hot men.
Many hot men.	Many hot man.
Each hot woman.	Many hot woman.
Many hot women.	Each hot women.
Each hot woman.	Each hot women.
Many hot women.	Many hot woman.
Each hot prince.	Many hot prince.
Many hot princes.	Each hot princes.
Each hot prince.	Each hot princes.
Many hot princes.	Many hot prince.
Each hot princess.	Many hot princess.
Many hot princesses.	Each hot princesses.
Each hot princess.	Each hot princesses.
Many hot princesses.	Many hot princess.
Each hot sister.	Many hot sister.
Many hot sisters.	Each hot sisters.
Each hot sister.	Each hot sisters.
Many hot sisters.	Many hot sister.
Each hot brother.	Many hot brother.
Many hot brothers.	Each hot brothers.
Each hot brother.	Each hot brothers.
Many hot brothers.	Many hot brother.
Each hungry mom.	Many hungry mom.
Many hungry moms.	Each hungry moms.
Each hungry mom.	Each hungry moms.
Many hungry moms.	Many hungry mom.
Each hungry dad.	Many hungry dad.
Many hungry dads.	Each hungry dads.
Each hungry dad.	Each hungry dads.
Many hungry dads.	Many hungry dad.
Each hungry girl.	Many hungry girl.
Many hungry girls.	Each hungry girls.
Each hungry girl.	Each hungry girls.
Many hungry girls.	Many hungry girl.
Each hungry boy.	Many hungry boy.
Many hungry boys.	Each hungry boys.
Each hungry boy.	Each hungry boys.
Many hungry boys.	Many hungry boy.
Each hungry man.	Many hungry man.
Many hungry men.	Each hungry men.
Each hungry man.	Each hungry men.
Many hungry men.	Many hungry man.
Each hungry woman.	Many hungry woman.
Many hungry women.	Each hungry women.
Each hungry woman.	Each hungry women.
Many hungry women.	Many hungry woman.
Each hungry prince.	Many hungry prince.
Many hungry princes.	Each hungry princes.
Each hungry prince.	Each hungry princes.
Many hungry princes.	Many hungry prince.
Each hungry princess.	Many hungry princess.
Many hungry princesses.	Each hungry princesses.
Each hungry princess.	Each hungry princesses.
Many hungry princesses.	Many hungry princess.
Each hungry sister.	Many hungry sister.
Many hungry sisters.	Each hungry sisters.
Each hungry sister.	Each hungry sisters.
Many hungry sisters.	Many hungry sister.
Each hungry brother.	Many hungry brother.
Many hungry brothers.	Each hungry brothers.
Each hungry brother.	Each hungry brothers.
Many hungry brothers.	Many hungry brother.
Each old mom.	Many old mom.
Many old moms.	Each old moms.
Each old mom.	Each old moms.
Many old moms.	Many old mom.
Each old dad.	Many old dad.
Many old dads.	Each old dads.
Each old dad.	Each old dads.
Many old dads.	Many old dad.
Each old girl.	Many old girl.
Many old girls.	Each old girls.
Each old girl.	Each old girls.
Many old girls.	Many old girl.
Each old boy.	Many old boy.
Many old boys.	Each old boys.
Each old boy.	Each old boys.
Many old boys.	Many old boy.
Each old man.	Many old man.
Many old men.	Each old men.
Each old man.	Each old men.
Many old men.	Many old man.
Each old woman.	Many old woman.
Many old women.	Each old women.
Each old woman.	Each old women.
Many old women.	Many old woman.
Each old prince.	Many old prince.
Many old princes.	Each old princes.
Each old prince.	Each old princes.
Many old princes.	Many old prince.
Each old princess.	Many old princess.
Many old princesses.	Each old princesses.
Each old princess.	Each old princesses.
Many old princesses.	Many old princess.
Each old sister.	Many old sister.
Many old sisters.	Each old sisters.
Each old sister.	Each old sisters.
Many old sisters.	Many old sister.
Each old brother.	Many old brother.
Many old brothers.	Each old brothers.
Each old brother.	Each old brothers.
Many old brothers.	Many old brother.
Each bad mom.	Many bad mom.
Many bad moms.	Each bad moms.
Each bad mom.	Each bad moms.
Many bad moms.	Many bad mom.
Each bad dad.	Many bad dad.
Many bad dads.	Each bad dads.
Each bad dad.	Each bad dads.
Many bad dads.	Many bad dad.
Each bad girl.	Many bad girl.
Many bad girls.	Each bad girls.
Each bad girl.	Each bad girls.
Many bad girls.	Many bad girl.
Each bad boy.	Many bad boy.
Many bad boys.	Each bad boys.
Each bad boy.	Each bad boys.
Many bad boys.	Many bad boy.
Each bad man.	Many bad man.
Many bad men.	Each bad men.
Each bad man.	Each bad men.
Many bad men.	Many bad man.
Each bad woman.	Many bad woman.
Many bad women.	Each bad women.
Each bad woman.	Each bad women.
Many bad women.	Many bad woman.
Each bad prince.	Many bad prince.
Many bad princes.	Each bad princes.
Each bad prince.	Each bad princes.
Many bad princes.	Many bad prince.
Each bad princess.	Many bad princess.
Many bad princesses.	Each bad princesses.
Each bad princess.	Each bad princesses.
Many bad princesses.	Many bad princess.
Each bad sister.	Many bad sister.
Many bad sisters.	Each bad sisters.
Each bad sister.	Each bad sisters.
Many bad sisters.	Many bad sister.
Each bad brother.	Many bad brother.
Many bad brothers.	Each bad brothers.
Each bad brother.	Each bad brothers.
Many bad brothers.	Many bad brother.
Each great mom.	Many great mom.
Many great moms.	Each great moms.
Each great mom.	Each great moms.
Many great moms.	Many great mom.
Each great dad.	Many great dad.
Many great dads.	Each great dads.
Each great dad.	Each great dads.
Many great dads.	Many great dad.
Each great girl.	Many great girl.
Many great girls.	Each great girls.
Each great girl.	Each great girls.
Many great girls.	Many great girl.
Each great boy.	Many great boy.
Many great boys.	Each great boys.
Each great boy.	Each great boys.
Many great boys.	Many great boy.
Each great man.	Many great man.
Many great men.	Each great men.
Each great man.	Each great men.
Many great men.	Many great man.
Each great woman.	Many great woman.
Many great women.	Each great women.
Each great woman.	Each great women.
Many great women.	Many great woman.
Each great prince.	Many great prince.
Many great princes.	Each great princes.
Each great prince.	Each great princes.
Many great princes.	Many great prince.
Each great princess.	Many great princess.
Many great princesses.	Each great princesses.
Each great princess.	Each great princesses.
Many great princesses.	Many great princess.
Each great sister.	Many great sister.
Many great sisters.	Each great sisters.
Each great sister.	Each great sisters.
Many great sisters.	Many great sister.
Each great brother.	Many great brother.
Many great brothers.	Each great brothers.
Each great brother.	Each great brothers.
Many great brothers.	Many great brother.
Each different mom.	Many different mom.
Many different moms.	Each different moms.
Each different mom.	Each different moms.
Many different moms.	Many different mom.
Each different dad.	Many different dad.
Many different dads.	Each different dads.
Each different dad.	Each different dads.
Many different dads.	Many different dad.
Each different girl.	Many different girl.
Many different girls.	Each different girls.
Each different girl.	Each different girls.
Many different girls.	Many different girl.
Each different boy.	Many different boy.
Many different boys.	Each different boys.
Each different boy.	Each different boys.
Many different boys.	Many different boy.
Each different man.	Many different man.
Many different men.	Each different men.
Each different man.	Each different men.
Many different men.	Many different man.
Each different woman.	Many different woman.
Many different women.	Each different women.
Each different woman.	Each different women.
Many different women.	Many different woman.
Each different prince.	Many different prince.
Many different princes.	Each different princes.
Each different prince.	Each different princes.
Many different princes.	Many different prince.
Each different princess.	Many different princess.
Many different princesses.	Each different princesses.
Each different princess.	Each different princesses.
Many different princesses.	Many different princess.
Each different sister.	Many different sister.
Many different sisters.	Each different sisters.
Each different sister.	Each different sisters.
Many different sisters.	Many different sister.
Each different brother.	Many different brother.
Many different brothers.	Each different brothers.
Each different brother.	Each different brothers.
Many different brothers.	Many different brother.
Each same mom.	Many same mom.
Many same moms.	Each same moms.
Each same mom.	Each same moms.
Many same moms.	Many same mom.
Each same dad.	Many same dad.
Many same dads.	Each same dads.
Each same dad.	Each same dads.
Many same dads.	Many same dad.
Each same girl.	Many same girl.
Many same girls.	Each same girls.
Each same girl.	Each same girls.
Many same girls.	Many same girl.
Each same boy.	Many same boy.
Many same boys.	Each same boys.
Each same boy.	Each same boys.
Many same boys.	Many same boy.
Each same man.	Many same man.
Many same men.	Each same men.
Each same man.	Each same men.
Many same men.	Many same man.
Each same woman.	Many same woman.
Many same women.	Each same women.
Each same woman.	Each same women.
Many same women.	Many same woman.
Each same prince.	Many same prince.
Many same princes.	Each same princes.
Each same prince.	Each same princes.
Many same princes.	Many same prince.
Each same princess.	Many same princess.
Many same princesses.	Each same princesses.
Each same princess.	Each same princesses.
Many same princesses.	Many same princess.
Each same sister.	Many same sister.
Many same sisters.	Each same sisters.
Each same sister.	Each same sisters.
Many same sisters.	Many same sister.
Each same brother.	Many same brother.
Many same brothers.	Each same brothers.
Each same brother.	Each same brothers.
Many same brothers.	Many same brother.
Each happy mom.	Many happy mom.
Many happy moms.	Each happy moms.
Each happy mom.	Each happy moms.
Many happy moms.	Many happy mom.
Each happy dad.	Many happy dad.
Many happy dads.	Each happy dads.
Each happy dad.	Each happy dads.
Many happy dads.	Many happy dad.
Each happy girl.	Many happy girl.
Many happy girls.	Each happy girls.
Each happy girl.	Each happy girls.
Many happy girls.	Many happy girl.
Each happy boy.	Many happy boy.
Many happy boys.	Each happy boys.
Each happy boy.	Each happy boys.
Many happy boys.	Many happy boy.
Each happy man.	Many happy man.
Many happy men.	Each happy men.
Each happy man.	Each happy men.
Many happy men.	Many happy man.
Each happy woman.	Many happy woman.
Many happy women.	Each happy women.
Each happy woman.	Each happy women.
Many happy women.	Many happy woman.
Each happy prince.	Many happy prince.
Many happy princes.	Each happy princes.
Each happy prince.	Each happy princes.
Many happy princes.	Many happy prince.
Each happy princess.	Many happy princess.
Many happy princesses.	Each happy princesses.
Each happy princess.	Each happy princesses.
Many happy princesses.	Many happy princess.
Each happy sister.	Many happy sister.
Many happy sisters.	Each happy sisters.
Each happy sister.	Each happy sisters.
Many happy sisters.	Many happy sister.
Each happy brother.	Many happy brother.
Many happy brothers.	Each happy brothers.
Each happy brother.	Each happy brothers.
Many happy brothers.	Many happy brother.
Each small mom.	Many small mom.
Many small moms.	Each small moms.
Each small mom.	Each small moms.
Many small moms.	Many small mom.
Each small dad.	Many small dad.
Many small dads.	Each small dads.
Each small dad.	Each small dads.
Many small dads.	Many small dad.
Each small girl.	Many small girl.
Many small girls.	Each small girls.
Each small girl.	Each small girls.
Many small girls.	Many small girl.
Each small boy.	Many small boy.
Many small boys.	Each small boys.
Each small boy.	Each small boys.
Many small boys.	Many small boy.
Each small man.	Many small man.
Many small men.	Each small men.
Each small man.	Each small men.
Many small men.	Many small man.
Each small woman.	Many small woman.
Many small women.	Each small women.
Each small woman.	Each small women.
Many small women.	Many small woman.
Each small prince.	Many small prince.
Many small princes.	Each small princes.
Each small prince.	Each small princes.
Many small princes.	Many small prince.
Each small princess.	Many small princess.
Many small princesses.	Each small princesses.
Each small princess.	Each small princesses.
Many small princesses.	Many small princess.
Each small sister.	Many small sister.
Many small sisters.	Each small sisters.
Each small sister.	Each small sisters.
Many small sisters.	Many small sister.
Each small brother.	Many small brother.
Many small brothers.	Each small brothers.
Each small brother.	Each small brothers.
Many small brothers.	Many small brother.
Each wet mom.	Many wet mom.
Many wet moms.	Each wet moms.
Each wet mom.	Each wet moms.
Many wet moms.	Many wet mom.
Each wet dad.	Many wet dad.
Many wet dads.	Each wet dads.
Each wet dad.	Each wet dads.
Many wet dads.	Many wet dad.
Each wet girl.	Many wet girl.
Many wet girls.	Each wet girls.
Each wet girl.	Each wet girls.
Many wet girls.	Many wet girl.
Each wet boy.	Many wet boy.
Many wet boys.	Each wet boys.
Each wet boy.	Each wet boys.
Many wet boys.	Many wet boy.
Each wet man.	Many wet man.
Many wet men.	Each wet men.
Each wet man.	Each wet men.
Many wet men.	Many wet man.
Each wet woman.	Many wet woman.
Many wet women.	Each wet women.
Each wet woman.	Each wet women.
Many wet women.	Many wet woman.
Each wet prince.	Many wet prince.
Many wet princes.	Each wet princes.
Each wet prince.	Each wet princes.
Many wet princes.	Many wet prince.
Each wet princess.	Many wet princess.
Many wet princesses.	Each wet princesses.
Each wet princess.	Each wet princesses.
Many wet princesses.	Many wet princess.
Each wet sister.	Many wet sister.
Many wet sisters.	Each wet sisters.
Each wet sister.	Each wet sisters.
Many wet sisters.	Many wet sister.
Each wet brother.	Many wet brother.
Many wet brothers.	Each wet brothers.
Each wet brother.	Each wet brothers.
Many wet brothers.	Many wet brother.
Each cute mom.	Many cute mom.
Many cute moms.	Each cute moms.
Each cute mom.	Each cute moms.
Many cute moms.	Many cute mom.
Each cute dad.	Many cute dad.
Many cute dads.	Each cute dads.
Each cute dad.	Each cute dads.
Many cute dads.	Many cute dad.
Each cute girl.	Many cute girl.
Many cute girls.	Each cute girls.
Each cute girl.	Each cute girls.
Many cute girls.	Many cute girl.
Each cute boy.	Many cute boy.
Many cute boys.	Each cute boys.
Each cute boy.	Each cute boys.
Many cute boys.	Many cute boy.
Each cute man.	Many cute man.
Many cute men.	Each cute men.
Each cute man.	Each cute men.
Many cute men.	Many cute man.
Each cute woman.	Many cute woman.
Many cute women.	Each cute women.
Each cute woman.	Each cute women.
Many cute women.	Many cute woman.
Each cute prince.	Many cute prince.
Many cute princes.	Each cute princes.
Each cute prince.	Each cute princes.
Many cute princes.	Many cute prince.
Each cute princess.	Many cute princess.
Many cute princesses.	Each cute princesses.
Each cute princess.	Each cute princesses.
Many cute princesses.	Many cute princess.
Each cute sister.	Many cute sister.
Many cute sisters.	Each cute sisters.
Each cute sister.	Each cute sisters.
Many cute sisters.	Many cute sister.
Each cute brother.	Many cute brother.
Many cute brothers.	Each cute brothers.
Each cute brother.	Each cute brothers.
Many cute brothers.	Many cute brother.
Each beautiful mom.	Many beautiful mom.
Many beautiful moms.	Each beautiful moms.
Each beautiful mom.	Each beautiful moms.
Many beautiful moms.	Many beautiful mom.
Each beautiful dad.	Many beautiful dad.
Many beautiful dads.	Each beautiful dads.
Each beautiful dad.	Each beautiful dads.
Many beautiful dads.	Many beautiful dad.
Each beautiful girl.	Many beautiful girl.
Many beautiful girls.	Each beautiful girls.
Each beautiful girl.	Each beautiful girls.
Many beautiful girls.	Many beautiful girl.
Each beautiful boy.	Many beautiful boy.
Many beautiful boys.	Each beautiful boys.
Each beautiful boy.	Each beautiful boys.
Many beautiful boys.	Many beautiful boy.
Each beautiful man.	Many beautiful man.
Many beautiful men.	Each beautiful men.
Each beautiful man.	Each beautiful men.
Many beautiful men.	Many beautiful man.
Each beautiful woman.	Many beautiful woman.
Many beautiful women.	Each beautiful women.
Each beautiful woman.	Each beautiful women.
Many beautiful women.	Many beautiful woman.
Each beautiful prince.	Many beautiful prince.
Many beautiful princes.	Each beautiful princes.
Each beautiful prince.	Each beautiful princes.
Many beautiful princes.	Many beautiful prince.
Each beautiful princess.	Many beautiful princess.
Many beautiful princesses.	Each beautiful princesses.
Each beautiful princess.	Each beautiful princesses.
Many beautiful princesses.	Many beautiful princess.
Each beautiful sister.	Many beautiful sister.
Many beautiful sisters.	Each beautiful sisters.
Each beautiful sister.	Each beautiful sisters.
Many beautiful sisters.	Many beautiful sister.
Each beautiful brother.	Many beautiful brother.
Many beautiful brothers.	Each beautiful brothers.
Each beautiful brother.	Each beautiful brothers.
Many beautiful brothers.	Many beautiful brother.
Each tiny mom.	Many tiny mom.
Many tiny moms.	Each tiny moms.
Each tiny mom.	Each tiny moms.
Many tiny moms.	Many tiny mom.
Each tiny dad.	Many tiny dad.
Many tiny dads.	Each tiny dads.
Each tiny dad.	Each tiny dads.
Many tiny dads.	Many tiny dad.
Each tiny girl.	Many tiny girl.
Many tiny girls.	Each tiny girls.
Each tiny girl.	Each tiny girls.
Many tiny girls.	Many tiny girl.
Each tiny boy.	Many tiny boy.
Many tiny boys.	Each tiny boys.
Each tiny boy.	Each tiny boys.
Many tiny boys.	Many tiny boy.
Each tiny man.	Many tiny man.
Many tiny men.	Each tiny men.
Each tiny man.	Each tiny men.
Many tiny men.	Many tiny man.
Each tiny woman.	Many tiny woman.
Many tiny women.	Each tiny women.
Each tiny woman.	Each tiny women.
Many tiny women.	Many tiny woman.
Each tiny prince.	Many tiny prince.
Many tiny princes.	Each tiny princes.
Each tiny prince.	Each tiny princes.
Many tiny princes.	Many tiny prince.
Each tiny princess.	Many tiny princess.
Many tiny princesses.	Each tiny princesses.
Each tiny princess.	Each tiny princesses.
Many tiny princesses.	Many tiny princess.
Each tiny sister.	Many tiny sister.
Many tiny sisters.	Each tiny sisters.
Each tiny sister.	Each tiny sisters.
Many tiny sisters.	Many tiny sister.
Each tiny brother.	Many tiny brother.
Many tiny brothers.	Each tiny brothers.
Each tiny brother.	Each tiny brothers.
Many tiny brothers.	Many tiny brother.
Each sick mom.	Many sick mom.
Many sick moms.	Each sick moms.
Each sick mom.	Each sick moms.
Many sick moms.	Many sick mom.
Each sick dad.	Many sick dad.
Many sick dads.	Each sick dads.
Each sick dad.	Each sick dads.
Many sick dads.	Many sick dad.
Each sick girl.	Many sick girl.
Many sick girls.	Each sick girls.
Each sick girl.	Each sick girls.
Many sick girls.	Many sick girl.
Each sick boy.	Many sick boy.
Many sick boys.	Each sick boys.
Each sick boy.	Each sick boys.
Many sick boys.	Many sick boy.
Each sick man.	Many sick man.
Many sick men.	Each sick men.
Each sick man.	Each sick men.
Many sick men.	Many sick man.
Each sick woman.	Many sick woman.
Many sick women.	Each sick women.
Each sick woman.	Each sick women.
Many sick women.	Many sick woman.
Each sick prince.	Many sick prince.
Many sick princes.	Each sick princes.
Each sick prince.	Each sick princes.
Many sick princes.	Many sick prince.
Each sick princess.	Many sick princess.
Many sick princesses.	Each sick princesses.
Each sick princess.	Each sick princesses.
Many sick princesses.	Many sick princess.
Each sick sister.	Many sick sister.
Many sick sisters.	Each sick sisters.
Each sick sister.	Each sick sisters.
Many sick sisters.	Many sick sister.
Each sick brother.	Many sick brother.
Many sick brothers.	Each sick brothers.
Each sick brother.	Each sick brothers.
Many sick brothers.	Many sick brother.
Each soft mom.	Many soft mom.
Many soft moms.	Each soft moms.
Each soft mom.	Each soft moms.
Many soft moms.	Many soft mom.
Each soft dad.	Many soft dad.
Many soft dads.	Each soft dads.
Each soft dad.	Each soft dads.
Many soft dads.	Many soft dad.
Each soft girl.	Many soft girl.
Many soft girls.	Each soft girls.
Each soft girl.	Each soft girls.
Many soft girls.	Many soft girl.
Each soft boy.	Many soft boy.
Many soft boys.	Each soft boys.
Each soft boy.	Each soft boys.
Many soft boys.	Many soft boy.
Each soft man.	Many soft man.
Many soft men.	Each soft men.
Each soft man.	Each soft men.
Many soft men.	Many soft man.
Each soft woman.	Many soft woman.
Many soft women.	Each soft women.
Each soft woman.	Each soft women.
Many soft women.	Many soft woman.
Each soft prince.	Many soft prince.
Many soft princes.	Each soft princes.
Each soft prince.	Each soft princes.
Many soft princes.	Many soft prince.
Each soft princess.	Many soft princess.
Many soft princesses.	Each soft princesses.
Each soft princess.	Each soft princesses.
Many soft princesses.	Many soft princess.
Each soft sister.	Many soft sister.
Many soft sisters.	Each soft sisters.
Each soft sister.	Each soft sisters.
Many soft sisters.	Many soft sister.
Each soft brother.	Many soft brother.
Many soft brothers.	Each soft brothers.
Each soft brother.	Each soft brothers.
Many soft brothers.	Many soft brother.
Each heavy mom.	Many heavy mom.
Many heavy moms.	Each heavy moms.
Each heavy mom.	Each heavy moms.
Many heavy moms.	Many heavy mom.
Each heavy dad.	Many heavy dad.
Many heavy dads.	Each heavy dads.
Each heavy dad.	Each heavy dads.
Many heavy dads.	Many heavy dad.
Each heavy girl.	Many heavy girl.
Many heavy girls.	Each heavy girls.
Each heavy girl.	Each heavy girls.
Many heavy girls.	Many heavy girl.
Each heavy boy.	Many heavy boy.
Many heavy boys.	Each heavy boys.
Each heavy boy.	Each heavy boys.
Many heavy boys.	Many heavy boy.
Each heavy man.	Many heavy man.
Many heavy men.	Each heavy men.
Each heavy man.	Each heavy men.
Many heavy men.	Many heavy man.
Each heavy woman.	Many heavy woman.
Many heavy women.	Each heavy women.
Each heavy woman.	Each heavy women.
Many heavy women.	Many heavy woman.
Each heavy prince.	Many heavy prince.
Many heavy princes.	Each heavy princes.
Each heavy prince.	Each heavy princes.
Many heavy princes.	Many heavy prince.
Each heavy princess.	Many heavy princess.
Many heavy princesses.	Each heavy princesses.
Each heavy princess.	Each heavy princesses.
Many heavy princesses.	Many heavy princess.
Each heavy sister.	Many heavy sister.
Many heavy sisters.	Each heavy sisters.
Each heavy sister.	Each heavy sisters.
Many heavy sisters.	Many heavy sister.
Each heavy brother.	Many heavy brother.
Many heavy brothers.	Each heavy brothers.
Each heavy brother.	Each heavy brothers.
Many heavy brothers.	Many heavy brother.
Each neat mom.	Many neat mom.
Many neat moms.	Each neat moms.
Each neat mom.	Each neat moms.
Many neat moms.	Many neat mom.
Each neat dad.	Many neat dad.
Many neat dads.	Each neat dads.
Each neat dad.	Each neat dads.
Many neat dads.	Many neat dad.
Each neat girl.	Many neat girl.
Many neat girls.	Each neat girls.
Each neat girl.	Each neat girls.
Many neat girls.	Many neat girl.
Each neat boy.	Many neat boy.
Many neat boys.	Each neat boys.
Each neat boy.	Each neat boys.
Many neat boys.	Many neat boy.
Each neat man.	Many neat man.
Many neat men.	Each neat men.
Each neat man.	Each neat men.
Many neat men.	Many neat man.
Each neat woman.	Many neat woman.
Many neat women.	Each neat women.
Each neat woman.	Each neat women.
Many neat women.	Many neat woman.
Each neat prince.	Many neat prince.
Many neat princes.	Each neat princes.
Each neat prince.	Each neat princes.
Many neat princes.	Many neat prince.
Each neat princess.	Many neat princess.
Many neat princesses.	Each neat princesses.
Each neat princess.	Each neat princesses.
Many neat princesses.	Many neat princess.
Each neat sister.	Many neat sister.
Many neat sisters.	Each neat sisters.
Each neat sister.	Each neat sisters.
Many neat sisters.	Many neat sister.
Each neat brother.	Many neat brother.
Many neat brothers.	Each neat brothers.
Each neat brother.	Each neat brothers.
Many neat brothers.	Many neat brother.
Each poor mom.	Many poor mom.
Many poor moms.	Each poor moms.
Each poor mom.	Each poor moms.
Many poor moms.	Many poor mom.
Each poor dad.	Many poor dad.
Many poor dads.	Each poor dads.
Each poor dad.	Each poor dads.
Many poor dads.	Many poor dad.
Each poor girl.	Many poor girl.
Many poor girls.	Each poor girls.
Each poor girl.	Each poor girls.
Many poor girls.	Many poor girl.
Each poor boy.	Many poor boy.
Many poor boys.	Each poor boys.
Each poor boy.	Each poor boys.
Many poor boys.	Many poor boy.
Each poor man.	Many poor man.
Many poor men.	Each poor men.
Each poor man.	Each poor men.
Many poor men.	Many poor man.
Each poor woman.	Many poor woman.
Many poor women.	Each poor women.
Each poor woman.	Each poor women.
Many poor women.	Many poor woman.
Each poor prince.	Many poor prince.
Many poor princes.	Each poor princes.
Each poor prince.	Each poor princes.
Many poor princes.	Many poor prince.
Each poor princess.	Many poor princess.
Many poor princesses.	Each poor princesses.
Each poor princess.	Each poor princesses.
Many poor princesses.	Many poor princess.
Each poor sister.	Many poor sister.
Many poor sisters.	Each poor sisters.
Each poor sister.	Each poor sisters.
Many poor sisters.	Many poor sister.
Each poor brother.	Many poor brother.
Many poor brothers.	Each poor brothers.
Each poor brother.	Each poor brothers.
Many poor brothers.	Many poor brother.
Each sad mom.	Many sad mom.
Many sad moms.	Each sad moms.
Each sad mom.	Each sad moms.
Many sad moms.	Many sad mom.
Each sad dad.	Many sad dad.
Many sad dads.	Each sad dads.
Each sad dad.	Each sad dads.
Many sad dads.	Many sad dad.
Each sad girl.	Many sad girl.
Many sad girls.	Each sad girls.
Each sad girl.	Each sad girls.
Many sad girls.	Many sad girl.
Each sad boy.	Many sad boy.
Many sad boys.	Each sad boys.
Each sad boy.	Each sad boys.
Many sad boys.	Many sad boy.
Each sad man.	Many sad man.
Many sad men.	Each sad men.
Each sad man.	Each sad men.
Many sad men.	Many sad man.
Each sad woman.	Many sad woman.
Many sad women.	Each sad women.
Each sad woman.	Each sad women.
Many sad women.	Many sad woman.
Each sad prince.	Many sad prince.
Many sad princes.	Each sad princes.
Each sad prince.	Each sad princes.
Many sad princes.	Many sad prince.
Each sad princess.	Many sad princess.
Many sad princesses.	Each sad princesses.
Each sad princess.	Each sad princesses.
Many sad princesses.	Many sad princess.
Each sad sister.	Many sad sister.
Many sad sisters.	Each sad sisters.
Each sad sister.	Each sad sisters.
Many sad sisters.	Many sad sister.
Each sad brother.	Many sad brother.
Many sad brothers.	Each sad brothers.
Each sad brother.	Each sad brothers.
Many sad brothers.	Many sad brother.
Each tall mom.	Many tall mom.
Many tall moms.	Each tall moms.
Each tall mom.	Each tall moms.
Many tall moms.	Many tall mom.
Each tall dad.	Many tall dad.
Many tall dads.	Each tall dads.
Each tall dad.	Each tall dads.
Many tall dads.	Many tall dad.
Each tall girl.	Many tall girl.
Many tall girls.	Each tall girls.
Each tall girl.	Each tall girls.
Many tall girls.	Many tall girl.
Each tall boy.	Many tall boy.
Many tall boys.	Each tall boys.
Each tall boy.	Each tall boys.
Many tall boys.	Many tall boy.
Each tall man.	Many tall man.
Many tall men.	Each tall men.
Each tall man.	Each tall men.
Many tall men.	Many tall man.
Each tall woman.	Many tall woman.
Many tall women.	Each tall women.
Each tall woman.	Each tall women.
Many tall women.	Many tall woman.
Each tall prince.	Many tall prince.
Many tall princes.	Each tall princes.
Each tall prince.	Each tall princes.
Many tall princes.	Many tall prince.
Each tall princess.	Many tall princess.
Many tall princesses.	Each tall princesses.
Each tall princess.	Each tall princesses.
Many tall princesses.	Many tall princess.
Each tall sister.	Many tall sister.
Many tall sisters.	Each tall sisters.
Each tall sister.	Each tall sisters.
Many tall sisters.	Many tall sister.
Each tall brother.	Many tall brother.
Many tall brothers.	Each tall brothers.
Each tall brother.	Each tall brothers.
Many tall brothers.	Many tall brother.
