The mom sees.	The sees mom.
The girl sees.	The sees girl.
The person sees.	The sees person.
The cat sees.	The sees cat.
The guy sees.	The sees guy.
The animal sees.	The sees animal.
The horse sees.	The sees horse.
The bird sees.	The sees bird.
The duck sees.	The sees duck.
The kitty sees.	The sees kitty.
The dad sees.	The sees dad.
The cow sees.	The sees cow.
The elephant sees.	The sees elephant.
The bunny sees.	The sees bunny.
The chicken sees.	The sees chicken.
The dinosaur sees.	The sees dinosaur.
The mouse sees.	The sees mouse.
The lady sees.	The sees lady.
The monkey sees.	The sees monkey.
The caterpillar sees.	The sees caterpillar.
The puppy sees.	The sees puppy.
The rabbit sees.	The sees rabbit.
The lion sees.	The sees lion.
The bee sees.	The sees bee.
The snake sees.	The sees snake.
The sheep sees.	The sees sheep.
The tiger sees.	The sees tiger.
The turtle sees.	The sees turtle.
The monster sees.	The sees monster.
The owl sees.	The sees owl.
The spider sees.	The sees spider.
The zebra sees.	The sees zebra.
The kangaroo sees.	The sees kangaroo.
The giraffe sees.	The sees giraffe.
The dragon sees.	The sees dragon.
The turkey sees.	The sees turkey.
The donkey sees.	The sees donkey.
The uncle sees.	The sees uncle.
The woman sees.	The sees woman.
The goose sees.	The sees goose.
The mom looks.	The looks mom.
The girl looks.	The looks girl.
The person looks.	The looks person.
The cat looks.	The looks cat.
The guy looks.	The looks guy.
The animal looks.	The looks animal.
The horse looks.	The looks horse.
The bird looks.	The looks bird.
The duck looks.	The looks duck.
The kitty looks.	The looks kitty.
The dad looks.	The looks dad.
The cow looks.	The looks cow.
The elephant looks.	The looks elephant.
The bunny looks.	The looks bunny.
The chicken looks.	The looks chicken.
The dinosaur looks.	The looks dinosaur.
The mouse looks.	The looks mouse.
The lady looks.	The looks lady.
The monkey looks.	The looks monkey.
The caterpillar looks.	The looks caterpillar.
The puppy looks.	The looks puppy.
The rabbit looks.	The looks rabbit.
The lion looks.	The looks lion.
The bee looks.	The looks bee.
The snake looks.	The looks snake.
The sheep looks.	The looks sheep.
The tiger looks.	The looks tiger.
The turtle looks.	The looks turtle.
The monster looks.	The looks monster.
The owl looks.	The looks owl.
The spider looks.	The looks spider.
The zebra looks.	The looks zebra.
The kangaroo looks.	The looks kangaroo.
The giraffe looks.	The looks giraffe.
The dragon looks.	The looks dragon.
The turkey looks.	The looks turkey.
The donkey looks.	The looks donkey.
The uncle looks.	The looks uncle.
The woman looks.	The looks woman.
The goose looks.	The looks goose.
The mom knows.	The knows mom.
The girl knows.	The knows girl.
The person knows.	The knows person.
The cat knows.	The knows cat.
The guy knows.	The knows guy.
The animal knows.	The knows animal.
The horse knows.	The knows horse.
The bird knows.	The knows bird.
The duck knows.	The knows duck.
The kitty knows.	The knows kitty.
The dad knows.	The knows dad.
The cow knows.	The knows cow.
The elephant knows.	The knows elephant.
The bunny knows.	The knows bunny.
The chicken knows.	The knows chicken.
The dinosaur knows.	The knows dinosaur.
The mouse knows.	The knows mouse.
The lady knows.	The knows lady.
The monkey knows.	The knows monkey.
The caterpillar knows.	The knows caterpillar.
The puppy knows.	The knows puppy.
The rabbit knows.	The knows rabbit.
The lion knows.	The knows lion.
The bee knows.	The knows bee.
The snake knows.	The knows snake.
The sheep knows.	The knows sheep.
The tiger knows.	The knows tiger.
The turtle knows.	The knows turtle.
The monster knows.	The knows monster.
The owl knows.	The knows owl.
The spider knows.	The knows spider.
The zebra knows.	The knows zebra.
The kangaroo knows.	The knows kangaroo.
The giraffe knows.	The knows giraffe.
The dragon knows.	The knows dragon.
The turkey knows.	The knows turkey.
The donkey knows.	The knows donkey.
The uncle knows.	The knows uncle.
The woman knows.	The knows woman.
The goose knows.	The knows goose.
The mom says.	The says mom.
The girl says.	The says girl.
The person says.	The says person.
The cat says.	The says cat.
The guy says.	The says guy.
The animal says.	The says animal.
The horse says.	The says horse.
The bird says.	The says bird.
The duck says.	The says duck.
The kitty says.	The says kitty.
The dad says.	The says dad.
The cow says.	The says cow.
The elephant says.	The says elephant.
The bunny says.	The says bunny.
The chicken says.	The says chicken.
The dinosaur says.	The says dinosaur.
The mouse says.	The says mouse.
The lady says.	The says lady.
The monkey says.	The says monkey.
The caterpillar says.	The says caterpillar.
The puppy says.	The says puppy.
The rabbit says.	The says rabbit.
The lion says.	The says lion.
The bee says.	The says bee.
The snake says.	The says snake.
The sheep says.	The says sheep.
The tiger says.	The says tiger.
The turtle says.	The says turtle.
The monster says.	The says monster.
The owl says.	The says owl.
The spider says.	The says spider.
The zebra says.	The says zebra.
The kangaroo says.	The says kangaroo.
The giraffe says.	The says giraffe.
The dragon says.	The says dragon.
The turkey says.	The says turkey.
The donkey says.	The says donkey.
The uncle says.	The says uncle.
The woman says.	The says woman.
The goose says.	The says goose.
The mom comes.	The comes mom.
The girl comes.	The comes girl.
The person comes.	The comes person.
The cat comes.	The comes cat.
The guy comes.	The comes guy.
The animal comes.	The comes animal.
The horse comes.	The comes horse.
The bird comes.	The comes bird.
The duck comes.	The comes duck.
The kitty comes.	The comes kitty.
The dad comes.	The comes dad.
The cow comes.	The comes cow.
The elephant comes.	The comes elephant.
The bunny comes.	The comes bunny.
The chicken comes.	The comes chicken.
The dinosaur comes.	The comes dinosaur.
The mouse comes.	The comes mouse.
The lady comes.	The comes lady.
The monkey comes.	The comes monkey.
The caterpillar comes.	The comes caterpillar.
The puppy comes.	The comes puppy.
The rabbit comes.	The comes rabbit.
The lion comes.	The comes lion.
The bee comes.	The comes bee.
The snake comes.	The comes snake.
The sheep comes.	The comes sheep.
The tiger comes.	The comes tiger.
The turtle comes.	The comes turtle.
The monster comes.	The comes monster.
The owl comes.	The comes owl.
The spider comes.	The comes spider.
The zebra comes.	The comes zebra.
The kangaroo comes.	The comes kangaroo.
The giraffe comes.	The comes giraffe.
The dragon comes.	The comes dragon.
The turkey comes.	The comes turkey.
The donkey comes.	The comes donkey.
The uncle comes.	The comes uncle.
The woman comes.	The comes woman.
The goose comes.	The comes goose.
The mom thinks.	The thinks mom.
The girl thinks.	The thinks girl.
The person thinks.	The thinks person.
The cat thinks.	The thinks cat.
The guy thinks.	The thinks guy.
The animal thinks.	The thinks animal.
The horse thinks.	The thinks horse.
The bird thinks.	The thinks bird.
The duck thinks.	The thinks duck.
The kitty thinks.	The thinks kitty.
The dad thinks.	The thinks dad.
The cow thinks.	The thinks cow.
The elephant thinks.	The thinks elephant.
The bunny thinks.	The thinks bunny.
The chicken thinks.	The thinks chicken.
The dinosaur thinks.	The thinks dinosaur.
The mouse thinks.	The thinks mouse.
The lady thinks.	The thinks lady.
The monkey thinks.	The thinks monkey.
The caterpillar thinks.	The thinks caterpillar.
The puppy thinks.	The thinks puppy.
The rabbit thinks.	The thinks rabbit.
The lion thinks.	The thinks lion.
The bee thinks.	The thinks bee.
The snake thinks.	The thinks snake.
The sheep thinks.	The thinks sheep.
The tiger thinks.	The thinks tiger.
The turtle thinks.	The thinks turtle.
The monster thinks.	The thinks monster.
The owl thinks.	The thinks owl.
The spider thinks.	The thinks spider.
The zebra thinks.	The thinks zebra.
The kangaroo thinks.	The thinks kangaroo.
The giraffe thinks.	The thinks giraffe.
The dragon thinks.	The thinks dragon.
The turkey thinks.	The thinks turkey.
The donkey thinks.	The thinks donkey.
The uncle thinks.	The thinks uncle.
The woman thinks.	The thinks woman.
The goose thinks.	The thinks goose.
The mom eats.	The eats mom.
The girl eats.	The eats girl.
The person eats.	The eats person.
The cat eats.	The eats cat.
The guy eats.	The eats guy.
The animal eats.	The eats animal.
The horse eats.	The eats horse.
The bird eats.	The eats bird.
The duck eats.	The eats duck.
The kitty eats.	The eats kitty.
The dad eats.	The eats dad.
The cow eats.	The eats cow.
The elephant eats.	The eats elephant.
The bunny eats.	The eats bunny.
The chicken eats.	The eats chicken.
The dinosaur eats.	The eats dinosaur.
The mouse eats.	The eats mouse.
The lady eats.	The eats lady.
The monkey eats.	The eats monkey.
The caterpillar eats.	The eats caterpillar.
The puppy eats.	The eats puppy.
The rabbit eats.	The eats rabbit.
The lion eats.	The eats lion.
The bee eats.	The eats bee.
The snake eats.	The eats snake.
The sheep eats.	The eats sheep.
The tiger eats.	The eats tiger.
The turtle eats.	The eats turtle.
The monster eats.	The eats monster.
The owl eats.	The eats owl.
The spider eats.	The eats spider.
The zebra eats.	The eats zebra.
The kangaroo eats.	The eats kangaroo.
The giraffe eats.	The eats giraffe.
The dragon eats.	The eats dragon.
The turkey eats.	The eats turkey.
The donkey eats.	The eats donkey.
The uncle eats.	The eats uncle.
The woman eats.	The eats woman.
The goose eats.	The eats goose.
The mom tells.	The tells mom.
The girl tells.	The tells girl.
The person tells.	The tells person.
The cat tells.	The tells cat.
The guy tells.	The tells guy.
The animal tells.	The tells animal.
The horse tells.	The tells horse.
The bird tells.	The tells bird.
The duck tells.	The tells duck.
The kitty tells.	The tells kitty.
The dad tells.	The tells dad.
The cow tells.	The tells cow.
The elephant tells.	The tells elephant.
The bunny tells.	The tells bunny.
The chicken tells.	The tells chicken.
The dinosaur tells.	The tells dinosaur.
The mouse tells.	The tells mouse.
The lady tells.	The tells lady.
The monkey tells.	The tells monkey.
The caterpillar tells.	The tells caterpillar.
The puppy tells.	The tells puppy.
The rabbit tells.	The tells rabbit.
The lion tells.	The tells lion.
The bee tells.	The tells bee.
The snake tells.	The tells snake.
The sheep tells.	The tells sheep.
The tiger tells.	The tells tiger.
The turtle tells.	The tells turtle.
The monster tells.	The tells monster.
The owl tells.	The tells owl.
The spider tells.	The tells spider.
The zebra tells.	The tells zebra.
The kangaroo tells.	The tells kangaroo.
The giraffe tells.	The tells giraffe.
The dragon tells.	The tells dragon.
The turkey tells.	The tells turkey.
The donkey tells.	The tells donkey.
The uncle tells.	The tells uncle.
The woman tells.	The tells woman.
The goose tells.	The tells goose.
The mom sits.	The sits mom.
The girl sits.	The sits girl.
The person sits.	The sits person.
The cat sits.	The sits cat.
The guy sits.	The sits guy.
The animal sits.	The sits animal.
The horse sits.	The sits horse.
The bird sits.	The sits bird.
The duck sits.	The sits duck.
The kitty sits.	The sits kitty.
The dad sits.	The sits dad.
The cow sits.	The sits cow.
The elephant sits.	The sits elephant.
The bunny sits.	The sits bunny.
The chicken sits.	The sits chicken.
The dinosaur sits.	The sits dinosaur.
The mouse sits.	The sits mouse.
The lady sits.	The sits lady.
The monkey sits.	The sits monkey.
The caterpillar sits.	The sits caterpillar.
The puppy sits.	The sits puppy.
The rabbit sits.	The sits rabbit.
The lion sits.	The sits lion.
The bee sits.	The sits bee.
The snake sits.	The sits snake.
The sheep sits.	The sits sheep.
The tiger sits.	The sits tiger.
The turtle sits.	The sits turtle.
The monster sits.	The sits monster.
The owl sits.	The sits owl.
The spider sits.	The sits spider.
The zebra sits.	The sits zebra.
The kangaroo sits.	The sits kangaroo.
The giraffe sits.	The sits giraffe.
The dragon sits.	The sits dragon.
The turkey sits.	The sits turkey.
The donkey sits.	The sits donkey.
The uncle sits.	The sits uncle.
The woman sits.	The sits woman.
The goose sits.	The sits goose.
The mom tries.	The tries mom.
The girl tries.	The tries girl.
The person tries.	The tries person.
The cat tries.	The tries cat.
The guy tries.	The tries guy.
The animal tries.	The tries animal.
The horse tries.	The tries horse.
The bird tries.	The tries bird.
The duck tries.	The tries duck.
The kitty tries.	The tries kitty.
The dad tries.	The tries dad.
The cow tries.	The tries cow.
The elephant tries.	The tries elephant.
The bunny tries.	The tries bunny.
The chicken tries.	The tries chicken.
The dinosaur tries.	The tries dinosaur.
The mouse tries.	The tries mouse.
The lady tries.	The tries lady.
The monkey tries.	The tries monkey.
The caterpillar tries.	The tries caterpillar.
The puppy tries.	The tries puppy.
The rabbit tries.	The tries rabbit.
The lion tries.	The tries lion.
The bee tries.	The tries bee.
The snake tries.	The tries snake.
The sheep tries.	The tries sheep.
The tiger tries.	The tries tiger.
The turtle tries.	The tries turtle.
The monster tries.	The tries monster.
The owl tries.	The tries owl.
The spider tries.	The tries spider.
The zebra tries.	The tries zebra.
The kangaroo tries.	The tries kangaroo.
The giraffe tries.	The tries giraffe.
The dragon tries.	The tries dragon.
The turkey tries.	The tries turkey.
The donkey tries.	The tries donkey.
The uncle tries.	The tries uncle.
The woman tries.	The tries woman.
The goose tries.	The tries goose.
The mom reads.	The reads mom.
The girl reads.	The reads girl.
The person reads.	The reads person.
The cat reads.	The reads cat.
The guy reads.	The reads guy.
The animal reads.	The reads animal.
The horse reads.	The reads horse.
The bird reads.	The reads bird.
The duck reads.	The reads duck.
The kitty reads.	The reads kitty.
The dad reads.	The reads dad.
The cow reads.	The reads cow.
The elephant reads.	The reads elephant.
The bunny reads.	The reads bunny.
The chicken reads.	The reads chicken.
The dinosaur reads.	The reads dinosaur.
The mouse reads.	The reads mouse.
The lady reads.	The reads lady.
The monkey reads.	The reads monkey.
The caterpillar reads.	The reads caterpillar.
The puppy reads.	The reads puppy.
The rabbit reads.	The reads rabbit.
The lion reads.	The reads lion.
The bee reads.	The reads bee.
The snake reads.	The reads snake.
The sheep reads.	The reads sheep.
The tiger reads.	The reads tiger.
The turtle reads.	The reads turtle.
The monster reads.	The reads monster.
The owl reads.	The reads owl.
The spider reads.	The reads spider.
The zebra reads.	The reads zebra.
The kangaroo reads.	The reads kangaroo.
The giraffe reads.	The reads giraffe.
The dragon reads.	The reads dragon.
The turkey reads.	The reads turkey.
The donkey reads.	The reads donkey.
The uncle reads.	The reads uncle.
The woman reads.	The reads woman.
The goose reads.	The reads goose.
The mom turns.	The turns mom.
The girl turns.	The turns girl.
The person turns.	The turns person.
The cat turns.	The turns cat.
The guy turns.	The turns guy.
The animal turns.	The turns animal.
The horse turns.	The turns horse.
The bird turns.	The turns bird.
The duck turns.	The turns duck.
The kitty turns.	The turns kitty.
The dad turns.	The turns dad.
The cow turns.	The turns cow.
The elephant turns.	The turns elephant.
The bunny turns.	The turns bunny.
The chicken turns.	The turns chicken.
The dinosaur turns.	The turns dinosaur.
The mouse turns.	The turns mouse.
The lady turns.	The turns lady.
The monkey turns.	The turns monkey.
The caterpillar turns.	The turns caterpillar.
The puppy turns.	The turns puppy.
The rabbit turns.	The turns rabbit.
The lion turns.	The turns lion.
The bee turns.	The turns bee.
The snake turns.	The turns snake.
The sheep turns.	The turns sheep.
The tiger turns.	The turns tiger.
The turtle turns.	The turns turtle.
The monster turns.	The turns monster.
The owl turns.	The turns owl.
The spider turns.	The turns spider.
The zebra turns.	The turns zebra.
The kangaroo turns.	The turns kangaroo.
The giraffe turns.	The turns giraffe.
The dragon turns.	The turns dragon.
The turkey turns.	The turns turkey.
The donkey turns.	The turns donkey.
The uncle turns.	The turns uncle.
The woman turns.	The turns woman.
The goose turns.	The turns goose.
The mom helps.	The helps mom.
The girl helps.	The helps girl.
The person helps.	The helps person.
The cat helps.	The helps cat.
The guy helps.	The helps guy.
The animal helps.	The helps animal.
The horse helps.	The helps horse.
The bird helps.	The helps bird.
The duck helps.	The helps duck.
The kitty helps.	The helps kitty.
The dad helps.	The helps dad.
The cow helps.	The helps cow.
The elephant helps.	The helps elephant.
The bunny helps.	The helps bunny.
The chicken helps.	The helps chicken.
The dinosaur helps.	The helps dinosaur.
The mouse helps.	The helps mouse.
The lady helps.	The helps lady.
The monkey helps.	The helps monkey.
The caterpillar helps.	The helps caterpillar.
The puppy helps.	The helps puppy.
The rabbit helps.	The helps rabbit.
The lion helps.	The helps lion.
The bee helps.	The helps bee.
The snake helps.	The helps snake.
The sheep helps.	The helps sheep.
The tiger helps.	The helps tiger.
The turtle helps.	The helps turtle.
The monster helps.	The helps monster.
The owl helps.	The helps owl.
The spider helps.	The helps spider.
The zebra helps.	The helps zebra.
The kangaroo helps.	The helps kangaroo.
The giraffe helps.	The helps giraffe.
The dragon helps.	The helps dragon.
The turkey helps.	The helps turkey.
The donkey helps.	The helps donkey.
The uncle helps.	The helps uncle.
The woman helps.	The helps woman.
The goose helps.	The helps goose.
The mom waits.	The waits mom.
The girl waits.	The waits girl.
The person waits.	The waits person.
The cat waits.	The waits cat.
The guy waits.	The waits guy.
The animal waits.	The waits animal.
The horse waits.	The waits horse.
The bird waits.	The waits bird.
The duck waits.	The waits duck.
The kitty waits.	The waits kitty.
The dad waits.	The waits dad.
The cow waits.	The waits cow.
The elephant waits.	The waits elephant.
The bunny waits.	The waits bunny.
The chicken waits.	The waits chicken.
The dinosaur waits.	The waits dinosaur.
The mouse waits.	The waits mouse.
The lady waits.	The waits lady.
The monkey waits.	The waits monkey.
The caterpillar waits.	The waits caterpillar.
The puppy waits.	The waits puppy.
The rabbit waits.	The waits rabbit.
The lion waits.	The waits lion.
The bee waits.	The waits bee.
The snake waits.	The waits snake.
The sheep waits.	The waits sheep.
The tiger waits.	The waits tiger.
The turtle waits.	The waits turtle.
The monster waits.	The waits monster.
The owl waits.	The waits owl.
The spider waits.	The waits spider.
The zebra waits.	The waits zebra.
The kangaroo waits.	The waits kangaroo.
The giraffe waits.	The waits giraffe.
The dragon waits.	The waits dragon.
The turkey waits.	The waits turkey.
The donkey waits.	The waits donkey.
The uncle waits.	The waits uncle.
The woman waits.	The waits woman.
The goose waits.	The waits goose.
The mom falls.	The falls mom.
The girl falls.	The falls girl.
The person falls.	The falls person.
The cat falls.	The falls cat.
The guy falls.	The falls guy.
The animal falls.	The falls animal.
The horse falls.	The falls horse.
The bird falls.	The falls bird.
The duck falls.	The falls duck.
The kitty falls.	The falls kitty.
The dad falls.	The falls dad.
The cow falls.	The falls cow.
The elephant falls.	The falls elephant.
The bunny falls.	The falls bunny.
The chicken falls.	The falls chicken.
The dinosaur falls.	The falls dinosaur.
The mouse falls.	The falls mouse.
The lady falls.	The falls lady.
The monkey falls.	The falls monkey.
The caterpillar falls.	The falls caterpillar.
The puppy falls.	The falls puppy.
The rabbit falls.	The falls rabbit.
The lion falls.	The falls lion.
The bee falls.	The falls bee.
The snake falls.	The falls snake.
The sheep falls.	The falls sheep.
The tiger falls.	The falls tiger.
The turtle falls.	The falls turtle.
The monster falls.	The falls monster.
The owl falls.	The falls owl.
The spider falls.	The falls spider.
The zebra falls.	The falls zebra.
The kangaroo falls.	The falls kangaroo.
The giraffe falls.	The falls giraffe.
The dragon falls.	The falls dragon.
The turkey falls.	The falls turkey.
The donkey falls.	The falls donkey.
The uncle falls.	The falls uncle.
The woman falls.	The falls woman.
The goose falls.	The falls goose.
The mom remembers.	The remembers mom.
The girl remembers.	The remembers girl.
The person remembers.	The remembers person.
The cat remembers.	The remembers cat.
The guy remembers.	The remembers guy.
The animal remembers.	The remembers animal.
The horse remembers.	The remembers horse.
The bird remembers.	The remembers bird.
The duck remembers.	The remembers duck.
The kitty remembers.	The remembers kitty.
The dad remembers.	The remembers dad.
The cow remembers.	The remembers cow.
The elephant remembers.	The remembers elephant.
The bunny remembers.	The remembers bunny.
The chicken remembers.	The remembers chicken.
The dinosaur remembers.	The remembers dinosaur.
The mouse remembers.	The remembers mouse.
The lady remembers.	The remembers lady.
The monkey remembers.	The remembers monkey.
The caterpillar remembers.	The remembers caterpillar.
The puppy remembers.	The remembers puppy.
The rabbit remembers.	The remembers rabbit.
The lion remembers.	The remembers lion.
The bee remembers.	The remembers bee.
The snake remembers.	The remembers snake.
The sheep remembers.	The remembers sheep.
The tiger remembers.	The remembers tiger.
The turtle remembers.	The remembers turtle.
The monster remembers.	The remembers monster.
The owl remembers.	The remembers owl.
The spider remembers.	The remembers spider.
The zebra remembers.	The remembers zebra.
The kangaroo remembers.	The remembers kangaroo.
The giraffe remembers.	The remembers giraffe.
The dragon remembers.	The remembers dragon.
The turkey remembers.	The remembers turkey.
The donkey remembers.	The remembers donkey.
The uncle remembers.	The remembers uncle.
The woman remembers.	The remembers woman.
The goose remembers.	The remembers goose.
The mom hears.	The hears mom.
The girl hears.	The hears girl.
The person hears.	The hears person.
The cat hears.	The hears cat.
The guy hears.	The hears guy.
The animal hears.	The hears animal.
The horse hears.	The hears horse.
The bird hears.	The hears bird.
The duck hears.	The hears duck.
The kitty hears.	The hears kitty.
The dad hears.	The hears dad.
The cow hears.	The hears cow.
The elephant hears.	The hears elephant.
The bunny hears.	The hears bunny.
The chicken hears.	The hears chicken.
The dinosaur hears.	The hears dinosaur.
The mouse hears.	The hears mouse.
The lady hears.	The hears lady.
The monkey hears.	The hears monkey.
The caterpillar hears.	The hears caterpillar.
The puppy hears.	The hears puppy.
The rabbit hears.	The hears rabbit.
The lion hears.	The hears lion.
The bee hears.	The hears bee.
The snake hears.	The hears snake.
The sheep hears.	The hears sheep.
The tiger hears.	The hears tiger.
The turtle hears.	The hears turtle.
The monster hears.	The hears monster.
The owl hears.	The hears owl.
The spider hears.	The hears spider.
The zebra hears.	The hears zebra.
The kangaroo hears.	The hears kangaroo.
The giraffe hears.	The hears giraffe.
The dragon hears.	The hears dragon.
The turkey hears.	The hears turkey.
The donkey hears.	The hears donkey.
The uncle hears.	The hears uncle.
The woman hears.	The hears woman.
The goose hears.	The hears goose.
The mom shows.	The shows mom.
The girl shows.	The shows girl.
The person shows.	The shows person.
The cat shows.	The shows cat.
The guy shows.	The shows guy.
The animal shows.	The shows animal.
The horse shows.	The shows horse.
The bird shows.	The shows bird.
The duck shows.	The shows duck.
The kitty shows.	The shows kitty.
The dad shows.	The shows dad.
The cow shows.	The shows cow.
The elephant shows.	The shows elephant.
The bunny shows.	The shows bunny.
The chicken shows.	The shows chicken.
The dinosaur shows.	The shows dinosaur.
The mouse shows.	The shows mouse.
The lady shows.	The shows lady.
The monkey shows.	The shows monkey.
The caterpillar shows.	The shows caterpillar.
The puppy shows.	The shows puppy.
The rabbit shows.	The shows rabbit.
The lion shows.	The shows lion.
The bee shows.	The shows bee.
The snake shows.	The shows snake.
The sheep shows.	The shows sheep.
The tiger shows.	The shows tiger.
The turtle shows.	The shows turtle.
The monster shows.	The shows monster.
The owl shows.	The shows owl.
The spider shows.	The shows spider.
The zebra shows.	The shows zebra.
The kangaroo shows.	The shows kangaroo.
The giraffe shows.	The shows giraffe.
The dragon shows.	The shows dragon.
The turkey shows.	The shows turkey.
The donkey shows.	The shows donkey.
The uncle shows.	The shows uncle.
The woman shows.	The shows woman.
The goose shows.	The shows goose.
The mom runs.	The runs mom.
The girl runs.	The runs girl.
The person runs.	The runs person.
The cat runs.	The runs cat.
The guy runs.	The runs guy.
The animal runs.	The runs animal.
The horse runs.	The runs horse.
The bird runs.	The runs bird.
The duck runs.	The runs duck.
The kitty runs.	The runs kitty.
The dad runs.	The runs dad.
The cow runs.	The runs cow.
The elephant runs.	The runs elephant.
The bunny runs.	The runs bunny.
The chicken runs.	The runs chicken.
The dinosaur runs.	The runs dinosaur.
The mouse runs.	The runs mouse.
The lady runs.	The runs lady.
The monkey runs.	The runs monkey.
The caterpillar runs.	The runs caterpillar.
The puppy runs.	The runs puppy.
The rabbit runs.	The runs rabbit.
The lion runs.	The runs lion.
The bee runs.	The runs bee.
The snake runs.	The runs snake.
The sheep runs.	The runs sheep.
The tiger runs.	The runs tiger.
The turtle runs.	The runs turtle.
The monster runs.	The runs monster.
The owl runs.	The runs owl.
The spider runs.	The runs spider.
The zebra runs.	The runs zebra.
The kangaroo runs.	The runs kangaroo.
The giraffe runs.	The runs giraffe.
The dragon runs.	The runs dragon.
The turkey runs.	The runs turkey.
The donkey runs.	The runs donkey.
The uncle runs.	The runs uncle.
The woman runs.	The runs woman.
The goose runs.	The runs goose.
The mom leaves.	The leaves mom.
The girl leaves.	The leaves girl.
The person leaves.	The leaves person.
The cat leaves.	The leaves cat.
The guy leaves.	The leaves guy.
The animal leaves.	The leaves animal.
The horse leaves.	The leaves horse.
The bird leaves.	The leaves bird.
The duck leaves.	The leaves duck.
The kitty leaves.	The leaves kitty.
The dad leaves.	The leaves dad.
The cow leaves.	The leaves cow.
The elephant leaves.	The leaves elephant.
The bunny leaves.	The leaves bunny.
The chicken leaves.	The leaves chicken.
The dinosaur leaves.	The leaves dinosaur.
The mouse leaves.	The leaves mouse.
The lady leaves.	The leaves lady.
The monkey leaves.	The leaves monkey.
The caterpillar leaves.	The leaves caterpillar.
The puppy leaves.	The leaves puppy.
The rabbit leaves.	The leaves rabbit.
The lion leaves.	The leaves lion.
The bee leaves.	The leaves bee.
The snake leaves.	The leaves snake.
The sheep leaves.	The leaves sheep.
The tiger leaves.	The leaves tiger.
The turtle leaves.	The leaves turtle.
The monster leaves.	The leaves monster.
The owl leaves.	The leaves owl.
The spider leaves.	The leaves spider.
The zebra leaves.	The leaves zebra.
The kangaroo leaves.	The leaves kangaroo.
The giraffe leaves.	The leaves giraffe.
The dragon leaves.	The leaves dragon.
The turkey leaves.	The leaves turkey.
The donkey leaves.	The leaves donkey.
The uncle leaves.	The leaves uncle.
The woman leaves.	The leaves woman.
The goose leaves.	The leaves goose.
The mom writes.	The writes mom.
The girl writes.	The writes girl.
The person writes.	The writes person.
The cat writes.	The writes cat.
The guy writes.	The writes guy.
The animal writes.	The writes animal.
The horse writes.	The writes horse.
The bird writes.	The writes bird.
The duck writes.	The writes duck.
The kitty writes.	The writes kitty.
The dad writes.	The writes dad.
The cow writes.	The writes cow.
The elephant writes.	The writes elephant.
The bunny writes.	The writes bunny.
The chicken writes.	The writes chicken.
The dinosaur writes.	The writes dinosaur.
The mouse writes.	The writes mouse.
The lady writes.	The writes lady.
The monkey writes.	The writes monkey.
The caterpillar writes.	The writes caterpillar.
The puppy writes.	The writes puppy.
The rabbit writes.	The writes rabbit.
The lion writes.	The writes lion.
The bee writes.	The writes bee.
The snake writes.	The writes snake.
The sheep writes.	The writes sheep.
The tiger writes.	The writes tiger.
The turtle writes.	The writes turtle.
The monster writes.	The writes monster.
The owl writes.	The writes owl.
The spider writes.	The writes spider.
The zebra writes.	The writes zebra.
The kangaroo writes.	The writes kangaroo.
The giraffe writes.	The writes giraffe.
The dragon writes.	The writes dragon.
The turkey writes.	The writes turkey.
The donkey writes.	The writes donkey.
The uncle writes.	The writes uncle.
The woman writes.	The writes woman.
The goose writes.	The writes goose.
The mom thanks.	The thanks mom.
The girl thanks.	The thanks girl.
The person thanks.	The thanks person.
The cat thanks.	The thanks cat.
The guy thanks.	The thanks guy.
The animal thanks.	The thanks animal.
The horse thanks.	The thanks horse.
The bird thanks.	The thanks bird.
The duck thanks.	The thanks duck.
The kitty thanks.	The thanks kitty.
The dad thanks.	The thanks dad.
The cow thanks.	The thanks cow.
The elephant thanks.	The thanks elephant.
The bunny thanks.	The thanks bunny.
The chicken thanks.	The thanks chicken.
The dinosaur thanks.	The thanks dinosaur.
The mouse thanks.	The thanks mouse.
The lady thanks.	The thanks lady.
The monkey thanks.	The thanks monkey.
The caterpillar thanks.	The thanks caterpillar.
The puppy thanks.	The thanks puppy.
The rabbit thanks.	The thanks rabbit.
The lion thanks.	The thanks lion.
The bee thanks.	The thanks bee.
The snake thanks.	The thanks snake.
The sheep thanks.	The thanks sheep.
The tiger thanks.	The thanks tiger.
The turtle thanks.	The thanks turtle.
The monster thanks.	The thanks monster.
The owl thanks.	The thanks owl.
The spider thanks.	The thanks spider.
The zebra thanks.	The thanks zebra.
The kangaroo thanks.	The thanks kangaroo.
The giraffe thanks.	The thanks giraffe.
The dragon thanks.	The thanks dragon.
The turkey thanks.	The thanks turkey.
The donkey thanks.	The thanks donkey.
The uncle thanks.	The thanks uncle.
The woman thanks.	The thanks woman.
The goose thanks.	The thanks goose.
The mom stays.	The stays mom.
The girl stays.	The stays girl.
The person stays.	The stays person.
The cat stays.	The stays cat.
The guy stays.	The stays guy.
The animal stays.	The stays animal.
The horse stays.	The stays horse.
The bird stays.	The stays bird.
The duck stays.	The stays duck.
The kitty stays.	The stays kitty.
The dad stays.	The stays dad.
The cow stays.	The stays cow.
The elephant stays.	The stays elephant.
The bunny stays.	The stays bunny.
The chicken stays.	The stays chicken.
The dinosaur stays.	The stays dinosaur.
The mouse stays.	The stays mouse.
The lady stays.	The stays lady.
The monkey stays.	The stays monkey.
The caterpillar stays.	The stays caterpillar.
The puppy stays.	The stays puppy.
The rabbit stays.	The stays rabbit.
The lion stays.	The stays lion.
The bee stays.	The stays bee.
The snake stays.	The stays snake.
The sheep stays.	The stays sheep.
The tiger stays.	The stays tiger.
The turtle stays.	The stays turtle.
The monster stays.	The stays monster.
The owl stays.	The stays owl.
The spider stays.	The stays spider.
The zebra stays.	The stays zebra.
The kangaroo stays.	The stays kangaroo.
The giraffe stays.	The stays giraffe.
The dragon stays.	The stays dragon.
The turkey stays.	The stays turkey.
The donkey stays.	The stays donkey.
The uncle stays.	The stays uncle.
The woman stays.	The stays woman.
The goose stays.	The stays goose.
The mom starts.	The starts mom.
The girl starts.	The starts girl.
The person starts.	The starts person.
The cat starts.	The starts cat.
The guy starts.	The starts guy.
The animal starts.	The starts animal.
The horse starts.	The starts horse.
The bird starts.	The starts bird.
The duck starts.	The starts duck.
The kitty starts.	The starts kitty.
The dad starts.	The starts dad.
The cow starts.	The starts cow.
The elephant starts.	The starts elephant.
The bunny starts.	The starts bunny.
The chicken starts.	The starts chicken.
The dinosaur starts.	The starts dinosaur.
The mouse starts.	The starts mouse.
The lady starts.	The starts lady.
The monkey starts.	The starts monkey.
The caterpillar starts.	The starts caterpillar.
The puppy starts.	The starts puppy.
The rabbit starts.	The starts rabbit.
The lion starts.	The starts lion.
The bee starts.	The starts bee.
The snake starts.	The starts snake.
The sheep starts.	The starts sheep.
The tiger starts.	The starts tiger.
The turtle starts.	The starts turtle.
The monster starts.	The starts monster.
The owl starts.	The starts owl.
The spider starts.	The starts spider.
The zebra starts.	The starts zebra.
The kangaroo starts.	The starts kangaroo.
The giraffe starts.	The starts giraffe.
The dragon starts.	The starts dragon.
The turkey starts.	The starts turkey.
The donkey starts.	The starts donkey.
The uncle starts.	The starts uncle.
The woman starts.	The starts woman.
The goose starts.	The starts goose.
The mom finishes.	The finishes mom.
The girl finishes.	The finishes girl.
The person finishes.	The finishes person.
The cat finishes.	The finishes cat.
The guy finishes.	The finishes guy.
The animal finishes.	The finishes animal.
The horse finishes.	The finishes horse.
The bird finishes.	The finishes bird.
The duck finishes.	The finishes duck.
The kitty finishes.	The finishes kitty.
The dad finishes.	The finishes dad.
The cow finishes.	The finishes cow.
The elephant finishes.	The finishes elephant.
The bunny finishes.	The finishes bunny.
The chicken finishes.	The finishes chicken.
The dinosaur finishes.	The finishes dinosaur.
The mouse finishes.	The finishes mouse.
The lady finishes.	The finishes lady.
The monkey finishes.	The finishes monkey.
The caterpillar finishes.	The finishes caterpillar.
The puppy finishes.	The finishes puppy.
The rabbit finishes.	The finishes rabbit.
The lion finishes.	The finishes lion.
The bee finishes.	The finishes bee.
The snake finishes.	The finishes snake.
The sheep finishes.	The finishes sheep.
The tiger finishes.	The finishes tiger.
The turtle finishes.	The finishes turtle.
The monster finishes.	The finishes monster.
The owl finishes.	The finishes owl.
The spider finishes.	The finishes spider.
The zebra finishes.	The finishes zebra.
The kangaroo finishes.	The finishes kangaroo.
The giraffe finishes.	The finishes giraffe.
The dragon finishes.	The finishes dragon.
The turkey finishes.	The finishes turkey.
The donkey finishes.	The finishes donkey.
The uncle finishes.	The finishes uncle.
The woman finishes.	The finishes woman.
The goose finishes.	The finishes goose.
The mom moves.	The moves mom.
The girl moves.	The moves girl.
The person moves.	The moves person.
The cat moves.	The moves cat.
The guy moves.	The moves guy.
The animal moves.	The moves animal.
The horse moves.	The moves horse.
The bird moves.	The moves bird.
The duck moves.	The moves duck.
The kitty moves.	The moves kitty.
The dad moves.	The moves dad.
The cow moves.	The moves cow.
The elephant moves.	The moves elephant.
The bunny moves.	The moves bunny.
The chicken moves.	The moves chicken.
The dinosaur moves.	The moves dinosaur.
The mouse moves.	The moves mouse.
The lady moves.	The moves lady.
The monkey moves.	The moves monkey.
The caterpillar moves.	The moves caterpillar.
The puppy moves.	The moves puppy.
The rabbit moves.	The moves rabbit.
The lion moves.	The moves lion.
The bee moves.	The moves bee.
The snake moves.	The moves snake.
The sheep moves.	The moves sheep.
The tiger moves.	The moves tiger.
The turtle moves.	The moves turtle.
The monster moves.	The moves monster.
The owl moves.	The moves owl.
The spider moves.	The moves spider.
The zebra moves.	The moves zebra.
The kangaroo moves.	The moves kangaroo.
The giraffe moves.	The moves giraffe.
The dragon moves.	The moves dragon.
The turkey moves.	The moves turkey.
The donkey moves.	The moves donkey.
The uncle moves.	The moves uncle.
The woman moves.	The moves woman.
The goose moves.	The moves goose.
The mom feels.	The feels mom.
The girl feels.	The feels girl.
The person feels.	The feels person.
The cat feels.	The feels cat.
The guy feels.	The feels guy.
The animal feels.	The feels animal.
The horse feels.	The feels horse.
The bird feels.	The feels bird.
The duck feels.	The feels duck.
The kitty feels.	The feels kitty.
The dad feels.	The feels dad.
The cow feels.	The feels cow.
The elephant feels.	The feels elephant.
The bunny feels.	The feels bunny.
The chicken feels.	The feels chicken.
The dinosaur feels.	The feels dinosaur.
The mouse feels.	The feels mouse.
The lady feels.	The feels lady.
The monkey feels.	The feels monkey.
The caterpillar feels.	The feels caterpillar.
The puppy feels.	The feels puppy.
The rabbit feels.	The feels rabbit.
The lion feels.	The feels lion.
The bee feels.	The feels bee.
The snake feels.	The feels snake.
The sheep feels.	The feels sheep.
The tiger feels.	The feels tiger.
The turtle feels.	The feels turtle.
The monster feels.	The feels monster.
The owl feels.	The feels owl.
The spider feels.	The feels spider.
The zebra feels.	The feels zebra.
The kangaroo feels.	The feels kangaroo.
The giraffe feels.	The feels giraffe.
The dragon feels.	The feels dragon.
The turkey feels.	The feels turkey.
The donkey feels.	The feels donkey.
The uncle feels.	The feels uncle.
The woman feels.	The feels woman.
The goose feels.	The feels goose.
The mom pulls.	The pulls mom.
The girl pulls.	The pulls girl.
The person pulls.	The pulls person.
The cat pulls.	The pulls cat.
The guy pulls.	The pulls guy.
The animal pulls.	The pulls animal.
The horse pulls.	The pulls horse.
The bird pulls.	The pulls bird.
The duck pulls.	The pulls duck.
The kitty pulls.	The pulls kitty.
The dad pulls.	The pulls dad.
The cow pulls.	The pulls cow.
The elephant pulls.	The pulls elephant.
The bunny pulls.	The pulls bunny.
The chicken pulls.	The pulls chicken.
The dinosaur pulls.	The pulls dinosaur.
The mouse pulls.	The pulls mouse.
The lady pulls.	The pulls lady.
The monkey pulls.	The pulls monkey.
The caterpillar pulls.	The pulls caterpillar.
The puppy pulls.	The pulls puppy.
The rabbit pulls.	The pulls rabbit.
The lion pulls.	The pulls lion.
The bee pulls.	The pulls bee.
The snake pulls.	The pulls snake.
The sheep pulls.	The pulls sheep.
The tiger pulls.	The pulls tiger.
The turtle pulls.	The pulls turtle.
The monster pulls.	The pulls monster.
The owl pulls.	The pulls owl.
The spider pulls.	The pulls spider.
The zebra pulls.	The pulls zebra.
The kangaroo pulls.	The pulls kangaroo.
The giraffe pulls.	The pulls giraffe.
The dragon pulls.	The pulls dragon.
The turkey pulls.	The pulls turkey.
The donkey pulls.	The pulls donkey.
The uncle pulls.	The pulls uncle.
The woman pulls.	The pulls woman.
The goose pulls.	The pulls goose.
The mom asks.	The asks mom.
The girl asks.	The asks girl.
The person asks.	The asks person.
The cat asks.	The asks cat.
The guy asks.	The asks guy.
The animal asks.	The asks animal.
The horse asks.	The asks horse.
The bird asks.	The asks bird.
The duck asks.	The asks duck.
The kitty asks.	The asks kitty.
The dad asks.	The asks dad.
The cow asks.	The asks cow.
The elephant asks.	The asks elephant.
The bunny asks.	The asks bunny.
The chicken asks.	The asks chicken.
The dinosaur asks.	The asks dinosaur.
The mouse asks.	The asks mouse.
The lady asks.	The asks lady.
The monkey asks.	The asks monkey.
The caterpillar asks.	The asks caterpillar.
The puppy asks.	The asks puppy.
The rabbit asks.	The asks rabbit.
The lion asks.	The asks lion.
The bee asks.	The asks bee.
The snake asks.	The asks snake.
The sheep asks.	The asks sheep.
The tiger asks.	The asks tiger.
The turtle asks.	The asks turtle.
The monster asks.	The asks monster.
The owl asks.	The asks owl.
The spider asks.	The asks spider.
The zebra asks.	The asks zebra.
The kangaroo asks.	The asks kangaroo.
The giraffe asks.	The asks giraffe.
The dragon asks.	The asks dragon.
The turkey asks.	The asks turkey.
The donkey asks.	The asks donkey.
The uncle asks.	The asks uncle.
The woman asks.	The asks woman.
The goose asks.	The asks goose.
The mom stands.	The stands mom.
The girl stands.	The stands girl.
The person stands.	The stands person.
The cat stands.	The stands cat.
The guy stands.	The stands guy.
The animal stands.	The stands animal.
The horse stands.	The stands horse.
The bird stands.	The stands bird.
The duck stands.	The stands duck.
The kitty stands.	The stands kitty.
The dad stands.	The stands dad.
The cow stands.	The stands cow.
The elephant stands.	The stands elephant.
The bunny stands.	The stands bunny.
The chicken stands.	The stands chicken.
The dinosaur stands.	The stands dinosaur.
The mouse stands.	The stands mouse.
The lady stands.	The stands lady.
The monkey stands.	The stands monkey.
The caterpillar stands.	The stands caterpillar.
The puppy stands.	The stands puppy.
The rabbit stands.	The stands rabbit.
The lion stands.	The stands lion.
The bee stands.	The stands bee.
The snake stands.	The stands snake.
The sheep stands.	The stands sheep.
The tiger stands.	The stands tiger.
The turtle stands.	The stands turtle.
The monster stands.	The stands monster.
The owl stands.	The stands owl.
The spider stands.	The stands spider.
The zebra stands.	The stands zebra.
The kangaroo stands.	The stands kangaroo.
The giraffe stands.	The stands giraffe.
The dragon stands.	The stands dragon.
The turkey stands.	The stands turkey.
The donkey stands.	The stands donkey.
The uncle stands.	The stands uncle.
The woman stands.	The stands woman.
The goose stands.	The stands goose.
The mom sings.	The sings mom.
The girl sings.	The sings girl.
The person sings.	The sings person.
The cat sings.	The sings cat.
The guy sings.	The sings guy.
The animal sings.	The sings animal.
The horse sings.	The sings horse.
The bird sings.	The sings bird.
The duck sings.	The sings duck.
The kitty sings.	The sings kitty.
The dad sings.	The sings dad.
The cow sings.	The sings cow.
The elephant sings.	The sings elephant.
The bunny sings.	The sings bunny.
The chicken sings.	The sings chicken.
The dinosaur sings.	The sings dinosaur.
The mouse sings.	The sings mouse.
The lady sings.	The sings lady.
The monkey sings.	The sings monkey.
The caterpillar sings.	The sings caterpillar.
The puppy sings.	The sings puppy.
The rabbit sings.	The sings rabbit.
The lion sings.	The sings lion.
The bee sings.	The sings bee.
The snake sings.	The sings snake.
The sheep sings.	The sings sheep.
The tiger sings.	The sings tiger.
The turtle sings.	The sings turtle.
The monster sings.	The sings monster.
The owl sings.	The sings owl.
The spider sings.	The sings spider.
The zebra sings.	The sings zebra.
The kangaroo sings.	The sings kangaroo.
The giraffe sings.	The sings giraffe.
The dragon sings.	The sings dragon.
The turkey sings.	The sings turkey.
The donkey sings.	The sings donkey.
The uncle sings.	The sings uncle.
The woman sings.	The sings woman.
The goose sings.	The sings goose.
The mom draws.	The draws mom.
The girl draws.	The draws girl.
The person draws.	The draws person.
The cat draws.	The draws cat.
The guy draws.	The draws guy.
The animal draws.	The draws animal.
The horse draws.	The draws horse.
The bird draws.	The draws bird.
The duck draws.	The draws duck.
The kitty draws.	The draws kitty.
The dad draws.	The draws dad.
The cow draws.	The draws cow.
The elephant draws.	The draws elephant.
The bunny draws.	The draws bunny.
The chicken draws.	The draws chicken.
The dinosaur draws.	The draws dinosaur.
The mouse draws.	The draws mouse.
The lady draws.	The draws lady.
The monkey draws.	The draws monkey.
The caterpillar draws.	The draws caterpillar.
The puppy draws.	The draws puppy.
The rabbit draws.	The draws rabbit.
The lion draws.	The draws lion.
The bee draws.	The draws bee.
The snake draws.	The draws snake.
The sheep draws.	The draws sheep.
The tiger draws.	The draws tiger.
The turtle draws.	The draws turtle.
The monster draws.	The draws monster.
The owl draws.	The draws owl.
The spider draws.	The draws spider.
The zebra draws.	The draws zebra.
The kangaroo draws.	The draws kangaroo.
The giraffe draws.	The draws giraffe.
The dragon draws.	The draws dragon.
The turkey draws.	The draws turkey.
The donkey draws.	The draws donkey.
The uncle draws.	The draws uncle.
The woman draws.	The draws woman.
The goose draws.	The draws goose.
The mom touches.	The touches mom.
The girl touches.	The touches girl.
The person touches.	The touches person.
The cat touches.	The touches cat.
The guy touches.	The touches guy.
The animal touches.	The touches animal.
The horse touches.	The touches horse.
The bird touches.	The touches bird.
The duck touches.	The touches duck.
The kitty touches.	The touches kitty.
The dad touches.	The touches dad.
The cow touches.	The touches cow.
The elephant touches.	The touches elephant.
The bunny touches.	The touches bunny.
The chicken touches.	The touches chicken.
The dinosaur touches.	The touches dinosaur.
The mouse touches.	The touches mouse.
The lady touches.	The touches lady.
The monkey touches.	The touches monkey.
The caterpillar touches.	The touches caterpillar.
The puppy touches.	The touches puppy.
The rabbit touches.	The touches rabbit.
The lion touches.	The touches lion.
The bee touches.	The touches bee.
The snake touches.	The touches snake.
The sheep touches.	The touches sheep.
The tiger touches.	The touches tiger.
The turtle touches.	The touches turtle.
The monster touches.	The touches monster.
The owl touches.	The touches owl.
The spider touches.	The touches spider.
The zebra touches.	The touches zebra.
The kangaroo touches.	The touches kangaroo.
The giraffe touches.	The touches giraffe.
The dragon touches.	The touches dragon.
The turkey touches.	The touches turkey.
The donkey touches.	The touches donkey.
The uncle touches.	The touches uncle.
The woman touches.	The touches woman.
The goose touches.	The touches goose.
The mom listens.	The listens mom.
The girl listens.	The listens girl.
The person listens.	The listens person.
The cat listens.	The listens cat.
The guy listens.	The listens guy.
The animal listens.	The listens animal.
The horse listens.	The listens horse.
The bird listens.	The listens bird.
The duck listens.	The listens duck.
The kitty listens.	The listens kitty.
The dad listens.	The listens dad.
The cow listens.	The listens cow.
The elephant listens.	The listens elephant.
The bunny listens.	The listens bunny.
The chicken listens.	The listens chicken.
The dinosaur listens.	The listens dinosaur.
The mouse listens.	The listens mouse.
The lady listens.	The listens lady.
The monkey listens.	The listens monkey.
The caterpillar listens.	The listens caterpillar.
The puppy listens.	The listens puppy.
The rabbit listens.	The listens rabbit.
The lion listens.	The listens lion.
The bee listens.	The listens bee.
The snake listens.	The listens snake.
The sheep listens.	The listens sheep.
The tiger listens.	The listens tiger.
The turtle listens.	The listens turtle.
The monster listens.	The listens monster.
The owl listens.	The listens owl.
The spider listens.	The listens spider.
The zebra listens.	The listens zebra.
The kangaroo listens.	The listens kangaroo.
The giraffe listens.	The listens giraffe.
The dragon listens.	The listens dragon.
The turkey listens.	The listens turkey.
The donkey listens.	The listens donkey.
The uncle listens.	The listens uncle.
The woman listens.	The listens woman.
The goose listens.	The listens goose.
The mom loses.	The loses mom.
The girl loses.	The loses girl.
The person loses.	The loses person.
The cat loses.	The loses cat.
The guy loses.	The loses guy.
The animal loses.	The loses animal.
The horse loses.	The loses horse.
The bird loses.	The loses bird.
The duck loses.	The loses duck.
The kitty loses.	The loses kitty.
The dad loses.	The loses dad.
The cow loses.	The loses cow.
The elephant loses.	The loses elephant.
The bunny loses.	The loses bunny.
The chicken loses.	The loses chicken.
The dinosaur loses.	The loses dinosaur.
The mouse loses.	The loses mouse.
The lady loses.	The loses lady.
The monkey loses.	The loses monkey.
The caterpillar loses.	The loses caterpillar.
The puppy loses.	The loses puppy.
The rabbit loses.	The loses rabbit.
The lion loses.	The loses lion.
The bee loses.	The loses bee.
The snake loses.	The loses snake.
The sheep loses.	The loses sheep.
The tiger loses.	The loses tiger.
The turtle loses.	The loses turtle.
The monster loses.	The loses monster.
The owl loses.	The loses owl.
The spider loses.	The loses spider.
The zebra loses.	The loses zebra.
The kangaroo loses.	The loses kangaroo.
The giraffe loses.	The loses giraffe.
The dragon loses.	The loses dragon.
The turkey loses.	The loses turkey.
The donkey loses.	The loses donkey.
The uncle loses.	The loses uncle.
The woman loses.	The loses woman.
The goose loses.	The loses goose.
The mom climbs.	The climbs mom.
The girl climbs.	The climbs girl.
The person climbs.	The climbs person.
The cat climbs.	The climbs cat.
The guy climbs.	The climbs guy.
The animal climbs.	The climbs animal.
The horse climbs.	The climbs horse.
The bird climbs.	The climbs bird.
The duck climbs.	The climbs duck.
The kitty climbs.	The climbs kitty.
The dad climbs.	The climbs dad.
The cow climbs.	The climbs cow.
The elephant climbs.	The climbs elephant.
The bunny climbs.	The climbs bunny.
The chicken climbs.	The climbs chicken.
The dinosaur climbs.	The climbs dinosaur.
The mouse climbs.	The climbs mouse.
The lady climbs.	The climbs lady.
The monkey climbs.	The climbs monkey.
The caterpillar climbs.	The climbs caterpillar.
The puppy climbs.	The climbs puppy.
The rabbit climbs.	The climbs rabbit.
The lion climbs.	The climbs lion.
The bee climbs.	The climbs bee.
The snake climbs.	The climbs snake.
The sheep climbs.	The climbs sheep.
The tiger climbs.	The climbs tiger.
The turtle climbs.	The climbs turtle.
The monster climbs.	The climbs monster.
The owl climbs.	The climbs owl.
The spider climbs.	The climbs spider.
The zebra climbs.	The climbs zebra.
The kangaroo climbs.	The climbs kangaroo.
The giraffe climbs.	The climbs giraffe.
The dragon climbs.	The climbs dragon.
The turkey climbs.	The climbs turkey.
The donkey climbs.	The climbs donkey.
The uncle climbs.	The climbs uncle.
The woman climbs.	The climbs woman.
The goose climbs.	The climbs goose.
The mom spells.	The spells mom.
The girl spells.	The spells girl.
The person spells.	The spells person.
The cat spells.	The spells cat.
The guy spells.	The spells guy.
The animal spells.	The spells animal.
The horse spells.	The spells horse.
The bird spells.	The spells bird.
The duck spells.	The spells duck.
The kitty spells.	The spells kitty.
The dad spells.	The spells dad.
The cow spells.	The spells cow.
The elephant spells.	The spells elephant.
The bunny spells.	The spells bunny.
The chicken spells.	The spells chicken.
The dinosaur spells.	The spells dinosaur.
The mouse spells.	The spells mouse.
The lady spells.	The spells lady.
The monkey spells.	The spells monkey.
The caterpillar spells.	The spells caterpillar.
The puppy spells.	The spells puppy.
The rabbit spells.	The spells rabbit.
The lion spells.	The spells lion.
The bee spells.	The spells bee.
The snake spells.	The spells snake.
The sheep spells.	The spells sheep.
The tiger spells.	The spells tiger.
The turtle spells.	The spells turtle.
The monster spells.	The spells monster.
The owl spells.	The spells owl.
The spider spells.	The spells spider.
The zebra spells.	The spells zebra.
The kangaroo spells.	The spells kangaroo.
The giraffe spells.	The spells giraffe.
The dragon spells.	The spells dragon.
The turkey spells.	The spells turkey.
The donkey spells.	The spells donkey.
The uncle spells.	The spells uncle.
The woman spells.	The spells woman.
The goose spells.	The spells goose.
The mom chews.	The chews mom.
The girl chews.	The chews girl.
The person chews.	The chews person.
The cat chews.	The chews cat.
The guy chews.	The chews guy.
The animal chews.	The chews animal.
The horse chews.	The chews horse.
The bird chews.	The chews bird.
The duck chews.	The chews duck.
The kitty chews.	The chews kitty.
The dad chews.	The chews dad.
The cow chews.	The chews cow.
The elephant chews.	The chews elephant.
The bunny chews.	The chews bunny.
The chicken chews.	The chews chicken.
The dinosaur chews.	The chews dinosaur.
The mouse chews.	The chews mouse.
The lady chews.	The chews lady.
The monkey chews.	The chews monkey.
The caterpillar chews.	The chews caterpillar.
The puppy chews.	The chews puppy.
The rabbit chews.	The chews rabbit.
The lion chews.	The chews lion.
The bee chews.	The chews bee.
The snake chews.	The chews snake.
The sheep chews.	The chews sheep.
The tiger chews.	The chews tiger.
The turtle chews.	The chews turtle.
The monster chews.	The chews monster.
The owl chews.	The chews owl.
The spider chews.	The chews spider.
The zebra chews.	The chews zebra.
The kangaroo chews.	The chews kangaroo.
The giraffe chews.	The chews giraffe.
The dragon chews.	The chews dragon.
The turkey chews.	The chews turkey.
The donkey chews.	The chews donkey.
The uncle chews.	The chews uncle.
The woman chews.	The chews woman.
The goose chews.	The chews goose.
The mom learns.	The learns mom.
The girl learns.	The learns girl.
The person learns.	The learns person.
The cat learns.	The learns cat.
The guy learns.	The learns guy.
The animal learns.	The learns animal.
The horse learns.	The learns horse.
The bird learns.	The learns bird.
The duck learns.	The learns duck.
The kitty learns.	The learns kitty.
The dad learns.	The learns dad.
The cow learns.	The learns cow.
The elephant learns.	The learns elephant.
The bunny learns.	The learns bunny.
The chicken learns.	The learns chicken.
The dinosaur learns.	The learns dinosaur.
The mouse learns.	The learns mouse.
The lady learns.	The learns lady.
The monkey learns.	The learns monkey.
The caterpillar learns.	The learns caterpillar.
The puppy learns.	The learns puppy.
The rabbit learns.	The learns rabbit.
The lion learns.	The learns lion.
The bee learns.	The learns bee.
The snake learns.	The learns snake.
The sheep learns.	The learns sheep.
The tiger learns.	The learns tiger.
The turtle learns.	The learns turtle.
The monster learns.	The learns monster.
The owl learns.	The learns owl.
The spider learns.	The learns spider.
The zebra learns.	The learns zebra.
The kangaroo learns.	The learns kangaroo.
The giraffe learns.	The learns giraffe.
The dragon learns.	The learns dragon.
The turkey learns.	The learns turkey.
The donkey learns.	The learns donkey.
The uncle learns.	The learns uncle.
The woman learns.	The learns woman.
The goose learns.	The learns goose.
The mom wipes.	The wipes mom.
The girl wipes.	The wipes girl.
The person wipes.	The wipes person.
The cat wipes.	The wipes cat.
The guy wipes.	The wipes guy.
The animal wipes.	The wipes animal.
The horse wipes.	The wipes horse.
The bird wipes.	The wipes bird.
The duck wipes.	The wipes duck.
The kitty wipes.	The wipes kitty.
The dad wipes.	The wipes dad.
The cow wipes.	The wipes cow.
The elephant wipes.	The wipes elephant.
The bunny wipes.	The wipes bunny.
The chicken wipes.	The wipes chicken.
The dinosaur wipes.	The wipes dinosaur.
The mouse wipes.	The wipes mouse.
The lady wipes.	The wipes lady.
The monkey wipes.	The wipes monkey.
The caterpillar wipes.	The wipes caterpillar.
The puppy wipes.	The wipes puppy.
The rabbit wipes.	The wipes rabbit.
The lion wipes.	The wipes lion.
The bee wipes.	The wipes bee.
The snake wipes.	The wipes snake.
The sheep wipes.	The wipes sheep.
The tiger wipes.	The wipes tiger.
The turtle wipes.	The wipes turtle.
The monster wipes.	The wipes monster.
The owl wipes.	The wipes owl.
The spider wipes.	The wipes spider.
The zebra wipes.	The wipes zebra.
The kangaroo wipes.	The wipes kangaroo.
The giraffe wipes.	The wipes giraffe.
The dragon wipes.	The wipes dragon.
The turkey wipes.	The wipes turkey.
The donkey wipes.	The wipes donkey.
The uncle wipes.	The wipes uncle.
The woman wipes.	The wipes woman.
The goose wipes.	The wipes goose.
