The mom wants the dad.	The mom want the dad.
The moms want the dad.	The moms wants the dad.
The mom wants the dad.	The moms wants the dad.
The moms want the dad.	The mom want the dad.
The mom wants the girl.	The mom want the girl.
The moms want the girl.	The moms wants the girl.
The mom wants the girl.	The moms wants the girl.
The moms want the girl.	The mom want the girl.
The mom wants the boy.	The mom want the boy.
The moms want the boy.	The moms wants the boy.
The mom wants the boy.	The moms wants the boy.
The moms want the boy.	The mom want the boy.
The mom wants the man.	The mom want the man.
The moms want the man.	The moms wants the man.
The mom wants the man.	The moms wants the man.
The moms want the man.	The mom want the man.
The mom wants the woman.	The mom want the woman.
The moms want the woman.	The moms wants the woman.
The mom wants the woman.	The moms wants the woman.
The moms want the woman.	The mom want the woman.
The mom wants the prince.	The mom want the prince.
The moms want the prince.	The moms wants the prince.
The mom wants the prince.	The moms wants the prince.
The moms want the prince.	The mom want the prince.
The mom wants the princess.	The mom want the princess.
The moms want the princess.	The moms wants the princess.
The mom wants the princess.	The moms wants the princess.
The moms want the princess.	The mom want the princess.
The mom wants the sister.	The mom want the sister.
The moms want the sister.	The moms wants the sister.
The mom wants the sister.	The moms wants the sister.
The moms want the sister.	The mom want the sister.
The mom wants the brother.	The mom want the brother.
The moms want the brother.	The moms wants the brother.
The mom wants the brother.	The moms wants the brother.
The moms want the brother.	The mom want the brother.
The dad wants the mom.	The dad want the mom.
The dads want the mom.	The dads wants the mom.
The dad wants the mom.	The dads wants the mom.
The dads want the mom.	The dad want the mom.
The dad wants the girl.	The dad want the girl.
The dads want the girl.	The dads wants the girl.
The dad wants the girl.	The dads wants the girl.
The dads want the girl.	The dad want the girl.
The dad wants the boy.	The dad want the boy.
The dads want the boy.	The dads wants the boy.
The dad wants the boy.	The dads wants the boy.
The dads want the boy.	The dad want the boy.
The dad wants the man.	The dad want the man.
The dads want the man.	The dads wants the man.
The dad wants the man.	The dads wants the man.
The dads want the man.	The dad want the man.
The dad wants the woman.	The dad want the woman.
The dads want the woman.	The dads wants the woman.
The dad wants the woman.	The dads wants the woman.
The dads want the woman.	The dad want the woman.
The dad wants the prince.	The dad want the prince.
The dads want the prince.	The dads wants the prince.
The dad wants the prince.	The dads wants the prince.
The dads want the prince.	The dad want the prince.
The dad wants the princess.	The dad want the princess.
The dads want the princess.	The dads wants the princess.
The dad wants the princess.	The dads wants the princess.
The dads want the princess.	The dad want the princess.
The dad wants the sister.	The dad want the sister.
The dads want the sister.	The dads wants the sister.
The dad wants the sister.	The dads wants the sister.
The dads want the sister.	The dad want the sister.
The dad wants the brother.	The dad want the brother.
The dads want the brother.	The dads wants the brother.
The dad wants the brother.	The dads wants the brother.
The dads want the brother.	The dad want the brother.
The girl wants the mom.	The girl want the mom.
The girls want the mom.	The girls wants the mom.
The girl wants the mom.	The girls wants the mom.
The girls want the mom.	The girl want the mom.
The girl wants the dad.	The girl want the dad.
The girls want the dad.	The girls wants the dad.
The girl wants the dad.	The girls wants the dad.
The girls want the dad.	The girl want the dad.
The girl wants the boy.	The girl want the boy.
The girls want the boy.	The girls wants the boy.
The girl wants the boy.	The girls wants the boy.
The girls want the boy.	The girl want the boy.
The girl wants the man.	The girl want the man.
The girls want the man.	The girls wants the man.
The girl wants the man.	The girls wants the man.
The girls want the man.	The girl want the man.
The girl wants the woman.	The girl want the woman.
The girls want the woman.	The girls wants the woman.
The girl wants the woman.	The girls wants the woman.
The girls want the woman.	The girl want the woman.
The girl wants the prince.	The girl want the prince.
The girls want the prince.	The girls wants the prince.
The girl wants the prince.	The girls wants the prince.
The girls want the prince.	The girl want the prince.
The girl wants the princess.	The girl want the princess.
The girls want the princess.	The girls wants the princess.
The girl wants the princess.	The girls wants the princess.
The girls want the princess.	The girl want the princess.
The girl wants the sister.	The girl want the sister.
The girls want the sister.	The girls wants the sister.
The girl wants the sister.	The girls wants the sister.
The girls want the sister.	The girl want the sister.
The girl wants the brother.	The girl want the brother.
The girls want the brother.	The girls wants the brother.
The girl wants the brother.	The girls wants the brother.
The girls want the brother.	The girl want the brother.
The boy wants the mom.	The boy want the mom.
The boys want the mom.	The boys wants the mom.
The boy wants the mom.	The boys wants the mom.
The boys want the mom.	The boy want the mom.
The boy wants the dad.	The boy want the dad.
The boys want the dad.	The boys wants the dad.
The boy wants the dad.	The boys wants the dad.
The boys want the dad.	The boy want the dad.
The boy wants the girl.	The boy want the girl.
The boys want the girl.	The boys wants the girl.
The boy wants the girl.	The boys wants the girl.
The boys want the girl.	The boy want the girl.
The boy wants the man.	The boy want the man.
The boys want the man.	The boys wants the man.
The boy wants the man.	The boys wants the man.
The boys want the man.	The boy want the man.
The boy wants the woman.	The boy want the woman.
The boys want the woman.	The boys wants the woman.
The boy wants the woman.	The boys wants the woman.
The boys want the woman.	The boy want the woman.
The boy wants the prince.	The boy want the prince.
The boys want the prince.	The boys wants the prince.
The boy wants the prince.	The boys wants the prince.
The boys want the prince.	The boy want the prince.
The boy wants the princess.	The boy want the princess.
The boys want the princess.	The boys wants the princess.
The boy wants the princess.	The boys wants the princess.
The boys want the princess.	The boy want the princess.
The boy wants the sister.	The boy want the sister.
The boys want the sister.	The boys wants the sister.
The boy wants the sister.	The boys wants the sister.
The boys want the sister.	The boy want the sister.
The boy wants the brother.	The boy want the brother.
The boys want the brother.	The boys wants the brother.
The boy wants the brother.	The boys wants the brother.
The boys want the brother.	The boy want the brother.
The man wants the mom.	The man want the mom.
The men want the mom.	The men wants the mom.
The man wants the mom.	The men wants the mom.
The men want the mom.	The man want the mom.
The man wants the dad.	The man want the dad.
The men want the dad.	The men wants the dad.
The man wants the dad.	The men wants the dad.
The men want the dad.	The man want the dad.
The man wants the girl.	The man want the girl.
The men want the girl.	The men wants the girl.
The man wants the girl.	The men wants the girl.
The men want the girl.	The man want the girl.
The man wants the boy.	The man want the boy.
The men want the boy.	The men wants the boy.
The man wants the boy.	The men wants the boy.
The men want the boy.	The man want the boy.
The man wants the woman.	The man want the woman.
The men want the woman.	The men wants the woman.
The man wants the woman.	The men wants the woman.
The men want the woman.	The man want the woman.
The man wants the prince.	The man want the prince.
The men want the prince.	The men wants the prince.
The man wants the prince.	The men wants the prince.
The men want the prince.	The man want the prince.
The man wants the princess.	The man want the princess.
The men want the princess.	The men wants the princess.
The man wants the princess.	The men wants the princess.
The men want the princess.	The man want the princess.
The man wants the sister.	The man want the sister.
The men want the sister.	The men wants the sister.
The man wants the sister.	The men wants the sister.
The men want the sister.	The man want the sister.
The man wants the brother.	The man want the brother.
The men want the brother.	The men wants the brother.
The man wants the brother.	The men wants the brother.
The men want the brother.	The man want the brother.
The woman wants the mom.	The woman want the mom.
The women want the mom.	The women wants the mom.
The woman wants the mom.	The women wants the mom.
The women want the mom.	The woman want the mom.
The woman wants the dad.	The woman want the dad.
The women want the dad.	The women wants the dad.
The woman wants the dad.	The women wants the dad.
The women want the dad.	The woman want the dad.
The woman wants the girl.	The woman want the girl.
The women want the girl.	The women wants the girl.
The woman wants the girl.	The women wants the girl.
The women want the girl.	The woman want the girl.
The woman wants the boy.	The woman want the boy.
The women want the boy.	The women wants the boy.
The woman wants the boy.	The women wants the boy.
The women want the boy.	The woman want the boy.
The woman wants the man.	The woman want the man.
The women want the man.	The women wants the man.
The woman wants the man.	The women wants the man.
The women want the man.	The woman want the man.
The woman wants the prince.	The woman want the prince.
The women want the prince.	The women wants the prince.
The woman wants the prince.	The women wants the prince.
The women want the prince.	The woman want the prince.
The woman wants the princess.	The woman want the princess.
The women want the princess.	The women wants the princess.
The woman wants the princess.	The women wants the princess.
The women want the princess.	The woman want the princess.
The woman wants the sister.	The woman want the sister.
The women want the sister.	The women wants the sister.
The woman wants the sister.	The women wants the sister.
The women want the sister.	The woman want the sister.
The woman wants the brother.	The woman want the brother.
The women want the brother.	The women wants the brother.
The woman wants the brother.	The women wants the brother.
The women want the brother.	The woman want the brother.
The prince wants the mom.	The prince want the mom.
The princes want the mom.	The princes wants the mom.
The prince wants the mom.	The princes wants the mom.
The princes want the mom.	The prince want the mom.
The prince wants the dad.	The prince want the dad.
The princes want the dad.	The princes wants the dad.
The prince wants the dad.	The princes wants the dad.
The princes want the dad.	The prince want the dad.
The prince wants the girl.	The prince want the girl.
The princes want the girl.	The princes wants the girl.
The prince wants the girl.	The princes wants the girl.
The princes want the girl.	The prince want the girl.
The prince wants the boy.	The prince want the boy.
The princes want the boy.	The princes wants the boy.
The prince wants the boy.	The princes wants the boy.
The princes want the boy.	The prince want the boy.
The prince wants the man.	The prince want the man.
The princes want the man.	The princes wants the man.
The prince wants the man.	The princes wants the man.
The princes want the man.	The prince want the man.
The prince wants the woman.	The prince want the woman.
The princes want the woman.	The princes wants the woman.
The prince wants the woman.	The princes wants the woman.
The princes want the woman.	The prince want the woman.
The prince wants the princess.	The prince want the princess.
The princes want the princess.	The princes wants the princess.
The prince wants the princess.	The princes wants the princess.
The princes want the princess.	The prince want the princess.
The prince wants the sister.	The prince want the sister.
The princes want the sister.	The princes wants the sister.
The prince wants the sister.	The princes wants the sister.
The princes want the sister.	The prince want the sister.
The prince wants the brother.	The prince want the brother.
The princes want the brother.	The princes wants the brother.
The prince wants the brother.	The princes wants the brother.
The princes want the brother.	The prince want the brother.
The princess wants the mom.	The princess want the mom.
The princesses want the mom.	The princesses wants the mom.
The princess wants the mom.	The princesses wants the mom.
The princesses want the mom.	The princess want the mom.
The princess wants the dad.	The princess want the dad.
The princesses want the dad.	The princesses wants the dad.
The princess wants the dad.	The princesses wants the dad.
The princesses want the dad.	The princess want the dad.
The princess wants the girl.	The princess want the girl.
The princesses want the girl.	The princesses wants the girl.
The princess wants the girl.	The princesses wants the girl.
The princesses want the girl.	The princess want the girl.
The princess wants the boy.	The princess want the boy.
The princesses want the boy.	The princesses wants the boy.
The princess wants the boy.	The princesses wants the boy.
The princesses want the boy.	The princess want the boy.
The princess wants the man.	The princess want the man.
The princesses want the man.	The princesses wants the man.
The princess wants the man.	The princesses wants the man.
The princesses want the man.	The princess want the man.
The princess wants the woman.	The princess want the woman.
The princesses want the woman.	The princesses wants the woman.
The princess wants the woman.	The princesses wants the woman.
The princesses want the woman.	The princess want the woman.
The princess wants the prince.	The princess want the prince.
The princesses want the prince.	The princesses wants the prince.
The princess wants the prince.	The princesses wants the prince.
The princesses want the prince.	The princess want the prince.
The princess wants the sister.	The princess want the sister.
The princesses want the sister.	The princesses wants the sister.
The princess wants the sister.	The princesses wants the sister.
The princesses want the sister.	The princess want the sister.
The princess wants the brother.	The princess want the brother.
The princesses want the brother.	The princesses wants the brother.
The princess wants the brother.	The princesses wants the brother.
The princesses want the brother.	The princess want the brother.
The sister wants the mom.	The sister want the mom.
The sisters want the mom.	The sisters wants the mom.
The sister wants the mom.	The sisters wants the mom.
The sisters want the mom.	The sister want the mom.
The sister wants the dad.	The sister want the dad.
The sisters want the dad.	The sisters wants the dad.
The sister wants the dad.	The sisters wants the dad.
The sisters want the dad.	The sister want the dad.
The sister wants the girl.	The sister want the girl.
The sisters want the girl.	The sisters wants the girl.
The sister wants the girl.	The sisters wants the girl.
The sisters want the girl.	The sister want the girl.
The sister wants the boy.	The sister want the boy.
The sisters want the boy.	The sisters wants the boy.
The sister wants the boy.	The sisters wants the boy.
The sisters want the boy.	The sister want the boy.
The sister wants the man.	The sister want the man.
The sisters want the man.	The sisters wants the man.
The sister wants the man.	The sisters wants the man.
The sisters want the man.	The sister want the man.
The sister wants the woman.	The sister want the woman.
The sisters want the woman.	The sisters wants the woman.
The sister wants the woman.	The sisters wants the woman.
The sisters want the woman.	The sister want the woman.
The sister wants the prince.	The sister want the prince.
The sisters want the prince.	The sisters wants the prince.
The sister wants the prince.	The sisters wants the prince.
The sisters want the prince.	The sister want the prince.
The sister wants the princess.	The sister want the princess.
The sisters want the princess.	The sisters wants the princess.
The sister wants the princess.	The sisters wants the princess.
The sisters want the princess.	The sister want the princess.
The sister wants the brother.	The sister want the brother.
The sisters want the brother.	The sisters wants the brother.
The sister wants the brother.	The sisters wants the brother.
The sisters want the brother.	The sister want the brother.
The brother wants the mom.	The brother want the mom.
The brothers want the mom.	The brothers wants the mom.
The brother wants the mom.	The brothers wants the mom.
The brothers want the mom.	The brother want the mom.
The brother wants the dad.	The brother want the dad.
The brothers want the dad.	The brothers wants the dad.
The brother wants the dad.	The brothers wants the dad.
The brothers want the dad.	The brother want the dad.
The brother wants the girl.	The brother want the girl.
The brothers want the girl.	The brothers wants the girl.
The brother wants the girl.	The brothers wants the girl.
The brothers want the girl.	The brother want the girl.
The brother wants the boy.	The brother want the boy.
The brothers want the boy.	The brothers wants the boy.
The brother wants the boy.	The brothers wants the boy.
The brothers want the boy.	The brother want the boy.
The brother wants the man.	The brother want the man.
The brothers want the man.	The brothers wants the man.
The brother wants the man.	The brothers wants the man.
The brothers want the man.	The brother want the man.
The brother wants the woman.	The brother want the woman.
The brothers want the woman.	The brothers wants the woman.
The brother wants the woman.	The brothers wants the woman.
The brothers want the woman.	The brother want the woman.
The brother wants the prince.	The brother want the prince.
The brothers want the prince.	The brothers wants the prince.
The brother wants the prince.	The brothers wants the prince.
The brothers want the prince.	The brother want the prince.
The brother wants the princess.	The brother want the princess.
The brothers want the princess.	The brothers wants the princess.
The brother wants the princess.	The brothers wants the princess.
The brothers want the princess.	The brother want the princess.
The brother wants the sister.	The brother want the sister.
The brothers want the sister.	The brothers wants the sister.
The brother wants the sister.	The brothers wants the sister.
The brothers want the sister.	The brother want the sister.
The mom knows the dad.	The mom know the dad.
The moms know the dad.	The moms knows the dad.
The mom knows the dad.	The moms knows the dad.
The moms know the dad.	The mom know the dad.
The mom knows the girl.	The mom know the girl.
The moms know the girl.	The moms knows the girl.
The mom knows the girl.	The moms knows the girl.
The moms know the girl.	The mom know the girl.
The mom knows the boy.	The mom know the boy.
The moms know the boy.	The moms knows the boy.
The mom knows the boy.	The moms knows the boy.
The moms know the boy.	The mom know the boy.
The mom knows the man.	The mom know the man.
The moms know the man.	The moms knows the man.
The mom knows the man.	The moms knows the man.
The moms know the man.	The mom know the man.
The mom knows the woman.	The mom know the woman.
The moms know the woman.	The moms knows the woman.
The mom knows the woman.	The moms knows the woman.
The moms know the woman.	The mom know the woman.
The mom knows the prince.	The mom know the prince.
The moms know the prince.	The moms knows the prince.
The mom knows the prince.	The moms knows the prince.
The moms know the prince.	The mom know the prince.
The mom knows the princess.	The mom know the princess.
The moms know the princess.	The moms knows the princess.
The mom knows the princess.	The moms knows the princess.
The moms know the princess.	The mom know the princess.
The mom knows the sister.	The mom know the sister.
The moms know the sister.	The moms knows the sister.
The mom knows the sister.	The moms knows the sister.
The moms know the sister.	The mom know the sister.
The mom knows the brother.	The mom know the brother.
The moms know the brother.	The moms knows the brother.
The mom knows the brother.	The moms knows the brother.
The moms know the brother.	The mom know the brother.
The dad knows the mom.	The dad know the mom.
The dads know the mom.	The dads knows the mom.
The dad knows the mom.	The dads knows the mom.
The dads know the mom.	The dad know the mom.
The dad knows the girl.	The dad know the girl.
The dads know the girl.	The dads knows the girl.
The dad knows the girl.	The dads knows the girl.
The dads know the girl.	The dad know the girl.
The dad knows the boy.	The dad know the boy.
The dads know the boy.	The dads knows the boy.
The dad knows the boy.	The dads knows the boy.
The dads know the boy.	The dad know the boy.
The dad knows the man.	The dad know the man.
The dads know the man.	The dads knows the man.
The dad knows the man.	The dads knows the man.
The dads know the man.	The dad know the man.
The dad knows the woman.	The dad know the woman.
The dads know the woman.	The dads knows the woman.
The dad knows the woman.	The dads knows the woman.
The dads know the woman.	The dad know the woman.
The dad knows the prince.	The dad know the prince.
The dads know the prince.	The dads knows the prince.
The dad knows the prince.	The dads knows the prince.
The dads know the prince.	The dad know the prince.
The dad knows the princess.	The dad know the princess.
The dads know the princess.	The dads knows the princess.
The dad knows the princess.	The dads knows the princess.
The dads know the princess.	The dad know the princess.
The dad knows the sister.	The dad know the sister.
The dads know the sister.	The dads knows the sister.
The dad knows the sister.	The dads knows the sister.
The dads know the sister.	The dad know the sister.
The dad knows the brother.	The dad know the brother.
The dads know the brother.	The dads knows the brother.
The dad knows the brother.	The dads knows the brother.
The dads know the brother.	The dad know the brother.
The girl knows the mom.	The girl know the mom.
The girls know the mom.	The girls knows the mom.
The girl knows the mom.	The girls knows the mom.
The girls know the mom.	The girl know the mom.
The girl knows the dad.	The girl know the dad.
The girls know the dad.	The girls knows the dad.
The girl knows the dad.	The girls knows the dad.
The girls know the dad.	The girl know the dad.
The girl knows the boy.	The girl know the boy.
The girls know the boy.	The girls knows the boy.
The girl knows the boy.	The girls knows the boy.
The girls know the boy.	The girl know the boy.
The girl knows the man.	The girl know the man.
The girls know the man.	The girls knows the man.
The girl knows the man.	The girls knows the man.
The girls know the man.	The girl know the man.
The girl knows the woman.	The girl know the woman.
The girls know the woman.	The girls knows the woman.
The girl knows the woman.	The girls knows the woman.
The girls know the woman.	The girl know the woman.
The girl knows the prince.	The girl know the prince.
The girls know the prince.	The girls knows the prince.
The girl knows the prince.	The girls knows the prince.
The girls know the prince.	The girl know the prince.
The girl knows the princess.	The girl know the princess.
The girls know the princess.	The girls knows the princess.
The girl knows the princess.	The girls knows the princess.
The girls know the princess.	The girl know the princess.
The girl knows the sister.	The girl know the sister.
The girls know the sister.	The girls knows the sister.
The girl knows the sister.	The girls knows the sister.
The girls know the sister.	The girl know the sister.
The girl knows the brother.	The girl know the brother.
The girls know the brother.	The girls knows the brother.
The girl knows the brother.	The girls knows the brother.
The girls know the brother.	The girl know the brother.
The boy knows the mom.	The boy know the mom.
The boys know the mom.	The boys knows the mom.
The boy knows the mom.	The boys knows the mom.
The boys know the mom.	The boy know the mom.
The boy knows the dad.	The boy know the dad.
The boys know the dad.	The boys knows the dad.
The boy knows the dad.	The boys knows the dad.
The boys know the dad.	The boy know the dad.
The boy knows the girl.	The boy know the girl.
The boys know the girl.	The boys knows the girl.
The boy knows the girl.	The boys knows the girl.
The boys know the girl.	The boy know the girl.
The boy knows the man.	The boy know the man.
The boys know the man.	The boys knows the man.
The boy knows the man.	The boys knows the man.
The boys know the man.	The boy know the man.
The boy knows the woman.	The boy know the woman.
The boys know the woman.	The boys knows the woman.
The boy knows the woman.	The boys knows the woman.
The boys know the woman.	The boy know the woman.
The boy knows the prince.	The boy know the prince.
The boys know the prince.	The boys knows the prince.
The boy knows the prince.	The boys knows the prince.
The boys know the prince.	The boy know the prince.
The boy knows the princess.	The boy know the princess.
The boys know the princess.	The boys knows the princess.
The boy knows the princess.	The boys knows the princess.
The boys know the princess.	The boy know the princess.
The boy knows the sister.	The boy know the sister.
The boys know the sister.	The boys knows the sister.
The boy knows the sister.	The boys knows the sister.
The boys know the sister.	The boy know the sister.
The boy knows the brother.	The boy know the brother.
The boys know the brother.	The boys knows the brother.
The boy knows the brother.	The boys knows the brother.
The boys know the brother.	The boy know the brother.
The man knows the mom.	The man know the mom.
The men know the mom.	The men knows the mom.
The man knows the mom.	The men knows the mom.
The men know the mom.	The man know the mom.
The man knows the dad.	The man know the dad.
The men know the dad.	The men knows the dad.
The man knows the dad.	The men knows the dad.
The men know the dad.	The man know the dad.
The man knows the girl.	The man know the girl.
The men know the girl.	The men knows the girl.
The man knows the girl.	The men knows the girl.
The men know the girl.	The man know the girl.
The man knows the boy.	The man know the boy.
The men know the boy.	The men knows the boy.
The man knows the boy.	The men knows the boy.
The men know the boy.	The man know the boy.
The man knows the woman.	The man know the woman.
The men know the woman.	The men knows the woman.
The man knows the woman.	The men knows the woman.
The men know the woman.	The man know the woman.
The man knows the prince.	The man know the prince.
The men know the prince.	The men knows the prince.
The man knows the prince.	The men knows the prince.
The men know the prince.	The man know the prince.
The man knows the princess.	The man know the princess.
The men know the princess.	The men knows the princess.
The man knows the princess.	The men knows the princess.
The men know the princess.	The man know the princess.
The man knows the sister.	The man know the sister.
The men know the sister.	The men knows the sister.
The man knows the sister.	The men knows the sister.
The men know the sister.	The man know the sister.
The man knows the brother.	The man know the brother.
The men know the brother.	The men knows the brother.
The man knows the brother.	The men knows the brother.
The men know the brother.	The man know the brother.
The woman knows the mom.	The woman know the mom.
The women know the mom.	The women knows the mom.
The woman knows the mom.	The women knows the mom.
The women know the mom.	The woman know the mom.
The woman knows the dad.	The woman know the dad.
The women know the dad.	The women knows the dad.
The woman knows the dad.	The women knows the dad.
The women know the dad.	The woman know the dad.
The woman knows the girl.	The woman know the girl.
The women know the girl.	The women knows the girl.
The woman knows the girl.	The women knows the girl.
The women know the girl.	The woman know the girl.
The woman knows the boy.	The woman know the boy.
The women know the boy.	The women knows the boy.
The woman knows the boy.	The women knows the boy.
The women know the boy.	The woman know the boy.
The woman knows the man.	The woman know the man.
The women know the man.	The women knows the man.
The woman knows the man.	The women knows the man.
The women know the man.	The woman know the man.
The woman knows the prince.	The woman know the prince.
The women know the prince.	The women knows the prince.
The woman knows the prince.	The women knows the prince.
The women know the prince.	The woman know the prince.
The woman knows the princess.	The woman know the princess.
The women know the princess.	The women knows the princess.
The woman knows the princess.	The women knows the princess.
The women know the princess.	The woman know the princess.
The woman knows the sister.	The woman know the sister.
The women know the sister.	The women knows the sister.
The woman knows the sister.	The women knows the sister.
The women know the sister.	The woman know the sister.
The woman knows the brother.	The woman know the brother.
The women know the brother.	The women knows the brother.
The woman knows the brother.	The women knows the brother.
The women know the brother.	The woman know the brother.
The prince knows the mom.	The prince know the mom.
The princes know the mom.	The princes knows the mom.
The prince knows the mom.	The princes knows the mom.
The princes know the mom.	The prince know the mom.
The prince knows the dad.	The prince know the dad.
The princes know the dad.	The princes knows the dad.
The prince knows the dad.	The princes knows the dad.
The princes know the dad.	The prince know the dad.
The prince knows the girl.	The prince know the girl.
The princes know the girl.	The princes knows the girl.
The prince knows the girl.	The princes knows the girl.
The princes know the girl.	The prince know the girl.
The prince knows the boy.	The prince know the boy.
The princes know the boy.	The princes knows the boy.
The prince knows the boy.	The princes knows the boy.
The princes know the boy.	The prince know the boy.
The prince knows the man.	The prince know the man.
The princes know the man.	The princes knows the man.
The prince knows the man.	The princes knows the man.
The princes know the man.	The prince know the man.
The prince knows the woman.	The prince know the woman.
The princes know the woman.	The princes knows the woman.
The prince knows the woman.	The princes knows the woman.
The princes know the woman.	The prince know the woman.
The prince knows the princess.	The prince know the princess.
The princes know the princess.	The princes knows the princess.
The prince knows the princess.	The princes knows the princess.
The princes know the princess.	The prince know the princess.
The prince knows the sister.	The prince know the sister.
The princes know the sister.	The princes knows the sister.
The prince knows the sister.	The princes knows the sister.
The princes know the sister.	The prince know the sister.
The prince knows the brother.	The prince know the brother.
The princes know the brother.	The princes knows the brother.
The prince knows the brother.	The princes knows the brother.
The princes know the brother.	The prince know the brother.
The princess knows the mom.	The princess know the mom.
The princesses know the mom.	The princesses knows the mom.
The princess knows the mom.	The princesses knows the mom.
The princesses know the mom.	The princess know the mom.
The princess knows the dad.	The princess know the dad.
The princesses know the dad.	The princesses knows the dad.
The princess knows the dad.	The princesses knows the dad.
The princesses know the dad.	The princess know the dad.
The princess knows the girl.	The princess know the girl.
The princesses know the girl.	The princesses knows the girl.
The princess knows the girl.	The princesses knows the girl.
The princesses know the girl.	The princess know the girl.
The princess knows the boy.	The princess know the boy.
The princesses know the boy.	The princesses knows the boy.
The princess knows the boy.	The princesses knows the boy.
The princesses know the boy.	The princess know the boy.
The princess knows the man.	The princess know the man.
The princesses know the man.	The princesses knows the man.
The princess knows the man.	The princesses knows the man.
The princesses know the man.	The princess know the man.
The princess knows the woman.	The princess know the woman.
The princesses know the woman.	The princesses knows the woman.
The princess knows the woman.	The princesses knows the woman.
The princesses know the woman.	The princess know the woman.
The princess knows the prince.	The princess know the prince.
The princesses know the prince.	The princesses knows the prince.
The princess knows the prince.	The princesses knows the prince.
The princesses know the prince.	The princess know the prince.
The princess knows the sister.	The princess know the sister.
The princesses know the sister.	The princesses knows the sister.
The princess knows the sister.	The princesses knows the sister.
The princesses know the sister.	The princess know the sister.
The princess knows the brother.	The princess know the brother.
The princesses know the brother.	The princesses knows the brother.
The princess knows the brother.	The princesses knows the brother.
The princesses know the brother.	The princess know the brother.
The sister knows the mom.	The sister know the mom.
The sisters know the mom.	The sisters knows the mom.
The sister knows the mom.	The sisters knows the mom.
The sisters know the mom.	The sister know the mom.
The sister knows the dad.	The sister know the dad.
The sisters know the dad.	The sisters knows the dad.
The sister knows the dad.	The sisters knows the dad.
The sisters know the dad.	The sister know the dad.
The sister knows the girl.	The sister know the girl.
The sisters know the girl.	The sisters knows the girl.
The sister knows the girl.	The sisters knows the girl.
The sisters know the girl.	The sister know the girl.
The sister knows the boy.	The sister know the boy.
The sisters know the boy.	The sisters knows the boy.
The sister knows the boy.	The sisters knows the boy.
The sisters know the boy.	The sister know the boy.
The sister knows the man.	The sister know the man.
The sisters know the man.	The sisters knows the man.
The sister knows the man.	The sisters knows the man.
The sisters know the man.	The sister know the man.
The sister knows the woman.	The sister know the woman.
The sisters know the woman.	The sisters knows the woman.
The sister knows the woman.	The sisters knows the woman.
The sisters know the woman.	The sister know the woman.
The sister knows the prince.	The sister know the prince.
The sisters know the prince.	The sisters knows the prince.
The sister knows the prince.	The sisters knows the prince.
The sisters know the prince.	The sister know the prince.
The sister knows the princess.	The sister know the princess.
The sisters know the princess.	The sisters knows the princess.
The sister knows the princess.	The sisters knows the princess.
The sisters know the princess.	The sister know the princess.
The sister knows the brother.	The sister know the brother.
The sisters know the brother.	The sisters knows the brother.
The sister knows the brother.	The sisters knows the brother.
The sisters know the brother.	The sister know the brother.
The brother knows the mom.	The brother know the mom.
The brothers know the mom.	The brothers knows the mom.
The brother knows the mom.	The brothers knows the mom.
The brothers know the mom.	The brother know the mom.
The brother knows the dad.	The brother know the dad.
The brothers know the dad.	The brothers knows the dad.
The brother knows the dad.	The brothers knows the dad.
The brothers know the dad.	The brother know the dad.
The brother knows the girl.	The brother know the girl.
The brothers know the girl.	The brothers knows the girl.
The brother knows the girl.	The brothers knows the girl.
The brothers know the girl.	The brother know the girl.
The brother knows the boy.	The brother know the boy.
The brothers know the boy.	The brothers knows the boy.
The brother knows the boy.	The brothers knows the boy.
The brothers know the boy.	The brother know the boy.
The brother knows the man.	The brother know the man.
The brothers know the man.	The brothers knows the man.
The brother knows the man.	The brothers knows the man.
The brothers know the man.	The brother know the man.
The brother knows the woman.	The brother know the woman.
The brothers know the woman.	The brothers knows the woman.
The brother knows the woman.	The brothers knows the woman.
The brothers know the woman.	The brother know the woman.
The brother knows the prince.	The brother know the prince.
The brothers know the prince.	The brothers knows the prince.
The brother knows the prince.	The brothers knows the prince.
The brothers know the prince.	The brother know the prince.
The brother knows the princess.	The brother know the princess.
The brothers know the princess.	The brothers knows the princess.
The brother knows the princess.	The brothers knows the princess.
The brothers know the princess.	The brother know the princess.
The brother knows the sister.	The brother know the sister.
The brothers know the sister.	The brothers knows the sister.
The brother knows the sister.	The brothers knows the sister.
The brothers know the sister.	The brother know the sister.
The mom lets the dad.	The mom let the dad.
The moms let the dad.	The moms lets the dad.
The mom lets the dad.	The moms lets the dad.
The moms let the dad.	The mom let the dad.
The mom lets the girl.	The mom let the girl.
The moms let the girl.	The moms lets the girl.
The mom lets the girl.	The moms lets the girl.
The moms let the girl.	The mom let the girl.
The mom lets the boy.	The mom let the boy.
The moms let the boy.	The moms lets the boy.
The mom lets the boy.	The moms lets the boy.
The moms let the boy.	The mom let the boy.
The mom lets the man.	The mom let the man.
The moms let the man.	The moms lets the man.
The mom lets the man.	The moms lets the man.
The moms let the man.	The mom let the man.
The mom lets the woman.	The mom let the woman.
The moms let the woman.	The moms lets the woman.
The mom lets the woman.	The moms lets the woman.
The moms let the woman.	The mom let the woman.
The mom lets the prince.	The mom let the prince.
The moms let the prince.	The moms lets the prince.
The mom lets the prince.	The moms lets the prince.
The moms let the prince.	The mom let the prince.
The mom lets the princess.	The mom let the princess.
The moms let the princess.	The moms lets the princess.
The mom lets the princess.	The moms lets the princess.
The moms let the princess.	The mom let the princess.
The mom lets the sister.	The mom let the sister.
The moms let the sister.	The moms lets the sister.
The mom lets the sister.	The moms lets the sister.
The moms let the sister.	The mom let the sister.
The mom lets the brother.	The mom let the brother.
The moms let the brother.	The moms lets the brother.
The mom lets the brother.	The moms lets the brother.
The moms let the brother.	The mom let the brother.
The dad lets the mom.	The dad let the mom.
The dads let the mom.	The dads lets the mom.
The dad lets the mom.	The dads lets the mom.
The dads let the mom.	The dad let the mom.
The dad lets the girl.	The dad let the girl.
The dads let the girl.	The dads lets the girl.
The dad lets the girl.	The dads lets the girl.
The dads let the girl.	The dad let the girl.
The dad lets the boy.	The dad let the boy.
The dads let the boy.	The dads lets the boy.
The dad lets the boy.	The dads lets the boy.
The dads let the boy.	The dad let the boy.
The dad lets the man.	The dad let the man.
The dads let the man.	The dads lets the man.
The dad lets the man.	The dads lets the man.
The dads let the man.	The dad let the man.
The dad lets the woman.	The dad let the woman.
The dads let the woman.	The dads lets the woman.
The dad lets the woman.	The dads lets the woman.
The dads let the woman.	The dad let the woman.
The dad lets the prince.	The dad let the prince.
The dads let the prince.	The dads lets the prince.
The dad lets the prince.	The dads lets the prince.
The dads let the prince.	The dad let the prince.
The dad lets the princess.	The dad let the princess.
The dads let the princess.	The dads lets the princess.
The dad lets the princess.	The dads lets the princess.
The dads let the princess.	The dad let the princess.
The dad lets the sister.	The dad let the sister.
The dads let the sister.	The dads lets the sister.
The dad lets the sister.	The dads lets the sister.
The dads let the sister.	The dad let the sister.
The dad lets the brother.	The dad let the brother.
The dads let the brother.	The dads lets the brother.
The dad lets the brother.	The dads lets the brother.
The dads let the brother.	The dad let the brother.
The girl lets the mom.	The girl let the mom.
The girls let the mom.	The girls lets the mom.
The girl lets the mom.	The girls lets the mom.
The girls let the mom.	The girl let the mom.
The girl lets the dad.	The girl let the dad.
The girls let the dad.	The girls lets the dad.
The girl lets the dad.	The girls lets the dad.
The girls let the dad.	The girl let the dad.
The girl lets the boy.	The girl let the boy.
The girls let the boy.	The girls lets the boy.
The girl lets the boy.	The girls lets the boy.
The girls let the boy.	The girl let the boy.
The girl lets the man.	The girl let the man.
The girls let the man.	The girls lets the man.
The girl lets the man.	The girls lets the man.
The girls let the man.	The girl let the man.
The girl lets the woman.	The girl let the woman.
The girls let the woman.	The girls lets the woman.
The girl lets the woman.	The girls lets the woman.
The girls let the woman.	The girl let the woman.
The girl lets the prince.	The girl let the prince.
The girls let the prince.	The girls lets the prince.
The girl lets the prince.	The girls lets the prince.
The girls let the prince.	The girl let the prince.
The girl lets the princess.	The girl let the princess.
The girls let the princess.	The girls lets the princess.
The girl lets the princess.	The girls lets the princess.
The girls let the princess.	The girl let the princess.
The girl lets the sister.	The girl let the sister.
The girls let the sister.	The girls lets the sister.
The girl lets the sister.	The girls lets the sister.
The girls let the sister.	The girl let the sister.
The girl lets the brother.	The girl let the brother.
The girls let the brother.	The girls lets the brother.
The girl lets the brother.	The girls lets the brother.
The girls let the brother.	The girl let the brother.
The boy lets the mom.	The boy let the mom.
The boys let the mom.	The boys lets the mom.
The boy lets the mom.	The boys lets the mom.
The boys let the mom.	The boy let the mom.
The boy lets the dad.	The boy let the dad.
The boys let the dad.	The boys lets the dad.
The boy lets the dad.	The boys lets the dad.
The boys let the dad.	The boy let the dad.
The boy lets the girl.	The boy let the girl.
The boys let the girl.	The boys lets the girl.
The boy lets the girl.	The boys lets the girl.
The boys let the girl.	The boy let the girl.
The boy lets the man.	The boy let the man.
The boys let the man.	The boys lets the man.
The boy lets the man.	The boys lets the man.
The boys let the man.	The boy let the man.
The boy lets the woman.	The boy let the woman.
The boys let the woman.	The boys lets the woman.
The boy lets the woman.	The boys lets the woman.
The boys let the woman.	The boy let the woman.
The boy lets the prince.	The boy let the prince.
The boys let the prince.	The boys lets the prince.
The boy lets the prince.	The boys lets the prince.
The boys let the prince.	The boy let the prince.
The boy lets the princess.	The boy let the princess.
The boys let the princess.	The boys lets the princess.
The boy lets the princess.	The boys lets the princess.
The boys let the princess.	The boy let the princess.
The boy lets the sister.	The boy let the sister.
The boys let the sister.	The boys lets the sister.
The boy lets the sister.	The boys lets the sister.
The boys let the sister.	The boy let the sister.
The boy lets the brother.	The boy let the brother.
The boys let the brother.	The boys lets the brother.
The boy lets the brother.	The boys lets the brother.
The boys let the brother.	The boy let the brother.
The man lets the mom.	The man let the mom.
The men let the mom.	The men lets the mom.
The man lets the mom.	The men lets the mom.
The men let the mom.	The man let the mom.
The man lets the dad.	The man let the dad.
The men let the dad.	The men lets the dad.
The man lets the dad.	The men lets the dad.
The men let the dad.	The man let the dad.
The man lets the girl.	The man let the girl.
The men let the girl.	The men lets the girl.
The man lets the girl.	The men lets the girl.
The men let the girl.	The man let the girl.
The man lets the boy.	The man let the boy.
The men let the boy.	The men lets the boy.
The man lets the boy.	The men lets the boy.
The men let the boy.	The man let the boy.
The man lets the woman.	The man let the woman.
The men let the woman.	The men lets the woman.
The man lets the woman.	The men lets the woman.
The men let the woman.	The man let the woman.
The man lets the prince.	The man let the prince.
The men let the prince.	The men lets the prince.
The man lets the prince.	The men lets the prince.
The men let the prince.	The man let the prince.
The man lets the princess.	The man let the princess.
The men let the princess.	The men lets the princess.
The man lets the princess.	The men lets the princess.
The men let the princess.	The man let the princess.
The man lets the sister.	The man let the sister.
The men let the sister.	The men lets the sister.
The man lets the sister.	The men lets the sister.
The men let the sister.	The man let the sister.
The man lets the brother.	The man let the brother.
The men let the brother.	The men lets the brother.
The man lets the brother.	The men lets the brother.
The men let the brother.	The man let the brother.
The woman lets the mom.	The woman let the mom.
The women let the mom.	The women lets the mom.
The woman lets the mom.	The women lets the mom.
The women let the mom.	The woman let the mom.
The woman lets the dad.	The woman let the dad.
The women let the dad.	The women lets the dad.
The woman lets the dad.	The women lets the dad.
The women let the dad.	The woman let the dad.
The woman lets the girl.	The woman let the girl.
The women let the girl.	The women lets the girl.
The woman lets the girl.	The women lets the girl.
The women let the girl.	The woman let the girl.
The woman lets the boy.	The woman let the boy.
The women let the boy.	The women lets the boy.
The woman lets the boy.	The women lets the boy.
The women let the boy.	The woman let the boy.
The woman lets the man.	The woman let the man.
The women let the man.	The women lets the man.
The woman lets the man.	The women lets the man.
The women let the man.	The woman let the man.
The woman lets the prince.	The woman let the prince.
The women let the prince.	The women lets the prince.
The woman lets the prince.	The women lets the prince.
The women let the prince.	The woman let the prince.
The woman lets the princess.	The woman let the princess.
The women let the princess.	The women lets the princess.
The woman lets the princess.	The women lets the princess.
The women let the princess.	The woman let the princess.
The woman lets the sister.	The woman let the sister.
The women let the sister.	The women lets the sister.
The woman lets the sister.	The women lets the sister.
The women let the sister.	The woman let the sister.
The woman lets the brother.	The woman let the brother.
The women let the brother.	The women lets the brother.
The woman lets the brother.	The women lets the brother.
The women let the brother.	The woman let the brother.
The prince lets the mom.	The prince let the mom.
The princes let the mom.	The princes lets the mom.
The prince lets the mom.	The princes lets the mom.
The princes let the mom.	The prince let the mom.
The prince lets the dad.	The prince let the dad.
The princes let the dad.	The princes lets the dad.
The prince lets the dad.	The princes lets the dad.
The princes let the dad.	The prince let the dad.
The prince lets the girl.	The prince let the girl.
The princes let the girl.	The princes lets the girl.
The prince lets the girl.	The princes lets the girl.
The princes let the girl.	The prince let the girl.
The prince lets the boy.	The prince let the boy.
The princes let the boy.	The princes lets the boy.
The prince lets the boy.	The princes lets the boy.
The princes let the boy.	The prince let the boy.
The prince lets the man.	The prince let the man.
The princes let the man.	The princes lets the man.
The prince lets the man.	The princes lets the man.
The princes let the man.	The prince let the man.
The prince lets the woman.	The prince let the woman.
The princes let the woman.	The princes lets the woman.
The prince lets the woman.	The princes lets the woman.
The princes let the woman.	The prince let the woman.
The prince lets the princess.	The prince let the princess.
The princes let the princess.	The princes lets the princess.
The prince lets the princess.	The princes lets the princess.
The princes let the princess.	The prince let the princess.
The prince lets the sister.	The prince let the sister.
The princes let the sister.	The princes lets the sister.
The prince lets the sister.	The princes lets the sister.
The princes let the sister.	The prince let the sister.
The prince lets the brother.	The prince let the brother.
The princes let the brother.	The princes lets the brother.
The prince lets the brother.	The princes lets the brother.
The princes let the brother.	The prince let the brother.
The princess lets the mom.	The princess let the mom.
The princesses let the mom.	The princesses lets the mom.
The princess lets the mom.	The princesses lets the mom.
The princesses let the mom.	The princess let the mom.
The princess lets the dad.	The princess let the dad.
The princesses let the dad.	The princesses lets the dad.
The princess lets the dad.	The princesses lets the dad.
The princesses let the dad.	The princess let the dad.
The princess lets the girl.	The princess let the girl.
The princesses let the girl.	The princesses lets the girl.
The princess lets the girl.	The princesses lets the girl.
The princesses let the girl.	The princess let the girl.
The princess lets the boy.	The princess let the boy.
The princesses let the boy.	The princesses lets the boy.
The princess lets the boy.	The princesses lets the boy.
The princesses let the boy.	The princess let the boy.
The princess lets the man.	The princess let the man.
The princesses let the man.	The princesses lets the man.
The princess lets the man.	The princesses lets the man.
The princesses let the man.	The princess let the man.
The princess lets the woman.	The princess let the woman.
The princesses let the woman.	The princesses lets the woman.
The princess lets the woman.	The princesses lets the woman.
The princesses let the woman.	The princess let the woman.
The princess lets the prince.	The princess let the prince.
The princesses let the prince.	The princesses lets the prince.
The princess lets the prince.	The princesses lets the prince.
The princesses let the prince.	The princess let the prince.
The princess lets the sister.	The princess let the sister.
The princesses let the sister.	The princesses lets the sister.
The princess lets the sister.	The princesses lets the sister.
The princesses let the sister.	The princess let the sister.
The princess lets the brother.	The princess let the brother.
The princesses let the brother.	The princesses lets the brother.
The princess lets the brother.	The princesses lets the brother.
The princesses let the brother.	The princess let the brother.
The sister lets the mom.	The sister let the mom.
The sisters let the mom.	The sisters lets the mom.
The sister lets the mom.	The sisters lets the mom.
The sisters let the mom.	The sister let the mom.
The sister lets the dad.	The sister let the dad.
The sisters let the dad.	The sisters lets the dad.
The sister lets the dad.	The sisters lets the dad.
The sisters let the dad.	The sister let the dad.
The sister lets the girl.	The sister let the girl.
The sisters let the girl.	The sisters lets the girl.
The sister lets the girl.	The sisters lets the girl.
The sisters let the girl.	The sister let the girl.
The sister lets the boy.	The sister let the boy.
The sisters let the boy.	The sisters lets the boy.
The sister lets the boy.	The sisters lets the boy.
The sisters let the boy.	The sister let the boy.
The sister lets the man.	The sister let the man.
The sisters let the man.	The sisters lets the man.
The sister lets the man.	The sisters lets the man.
The sisters let the man.	The sister let the man.
The sister lets the woman.	The sister let the woman.
The sisters let the woman.	The sisters lets the woman.
The sister lets the woman.	The sisters lets the woman.
The sisters let the woman.	The sister let the woman.
The sister lets the prince.	The sister let the prince.
The sisters let the prince.	The sisters lets the prince.
The sister lets the prince.	The sisters lets the prince.
The sisters let the prince.	The sister let the prince.
The sister lets the princess.	The sister let the princess.
The sisters let the princess.	The sisters lets the princess.
The sister lets the princess.	The sisters lets the princess.
The sisters let the princess.	The sister let the princess.
The sister lets the brother.	The sister let the brother.
The sisters let the brother.	The sisters lets the brother.
The sister lets the brother.	The sisters lets the brother.
The sisters let the brother.	The sister let the brother.
The brother lets the mom.	The brother let the mom.
The brothers let the mom.	The brothers lets the mom.
The brother lets the mom.	The brothers lets the mom.
The brothers let the mom.	The brother let the mom.
The brother lets the dad.	The brother let the dad.
The brothers let the dad.	The brothers lets the dad.
The brother lets the dad.	The brothers lets the dad.
The brothers let the dad.	The brother let the dad.
The brother lets the girl.	The brother let the girl.
The brothers let the girl.	The brothers lets the girl.
The brother lets the girl.	The brothers lets the girl.
The brothers let the girl.	The brother let the girl.
The brother lets the boy.	The brother let the boy.
The brothers let the boy.	The brothers lets the boy.
The brother lets the boy.	The brothers lets the boy.
The brothers let the boy.	The brother let the boy.
The brother lets the man.	The brother let the man.
The brothers let the man.	The brothers lets the man.
The brother lets the man.	The brothers lets the man.
The brothers let the man.	The brother let the man.
The brother lets the woman.	The brother let the woman.
The brothers let the woman.	The brothers lets the woman.
The brother lets the woman.	The brothers lets the woman.
The brothers let the woman.	The brother let the woman.
The brother lets the prince.	The brother let the prince.
The brothers let the prince.	The brothers lets the prince.
The brother lets the prince.	The brothers lets the prince.
The brothers let the prince.	The brother let the prince.
The brother lets the princess.	The brother let the princess.
The brothers let the princess.	The brothers lets the princess.
The brother lets the princess.	The brothers lets the princess.
The brothers let the princess.	The brother let the princess.
The brother lets the sister.	The brother let the sister.
The brothers let the sister.	The brothers lets the sister.
The brother lets the sister.	The brothers lets the sister.
The brothers let the sister.	The brother let the sister.
The mom thinks the dad.	The mom think the dad.
The moms think the dad.	The moms thinks the dad.
The mom thinks the dad.	The moms thinks the dad.
The moms think the dad.	The mom think the dad.
The mom thinks the girl.	The mom think the girl.
The moms think the girl.	The moms thinks the girl.
The mom thinks the girl.	The moms thinks the girl.
The moms think the girl.	The mom think the girl.
The mom thinks the boy.	The mom think the boy.
The moms think the boy.	The moms thinks the boy.
The mom thinks the boy.	The moms thinks the boy.
The moms think the boy.	The mom think the boy.
The mom thinks the man.	The mom think the man.
The moms think the man.	The moms thinks the man.
The mom thinks the man.	The moms thinks the man.
The moms think the man.	The mom think the man.
The mom thinks the woman.	The mom think the woman.
The moms think the woman.	The moms thinks the woman.
The mom thinks the woman.	The moms thinks the woman.
The moms think the woman.	The mom think the woman.
The mom thinks the prince.	The mom think the prince.
The moms think the prince.	The moms thinks the prince.
The mom thinks the prince.	The moms thinks the prince.
The moms think the prince.	The mom think the prince.
The mom thinks the princess.	The mom think the princess.
The moms think the princess.	The moms thinks the princess.
The mom thinks the princess.	The moms thinks the princess.
The moms think the princess.	The mom think the princess.
The mom thinks the sister.	The mom think the sister.
The moms think the sister.	The moms thinks the sister.
The mom thinks the sister.	The moms thinks the sister.
The moms think the sister.	The mom think the sister.
The mom thinks the brother.	The mom think the brother.
The moms think the brother.	The moms thinks the brother.
The mom thinks the brother.	The moms thinks the brother.
The moms think the brother.	The mom think the brother.
The dad thinks the mom.	The dad think the mom.
The dads think the mom.	The dads thinks the mom.
The dad thinks the mom.	The dads thinks the mom.
The dads think the mom.	The dad think the mom.
The dad thinks the girl.	The dad think the girl.
The dads think the girl.	The dads thinks the girl.
The dad thinks the girl.	The dads thinks the girl.
The dads think the girl.	The dad think the girl.
The dad thinks the boy.	The dad think the boy.
The dads think the boy.	The dads thinks the boy.
The dad thinks the boy.	The dads thinks the boy.
The dads think the boy.	The dad think the boy.
The dad thinks the man.	The dad think the man.
The dads think the man.	The dads thinks the man.
The dad thinks the man.	The dads thinks the man.
The dads think the man.	The dad think the man.
The dad thinks the woman.	The dad think the woman.
The dads think the woman.	The dads thinks the woman.
The dad thinks the woman.	The dads thinks the woman.
The dads think the woman.	The dad think the woman.
The dad thinks the prince.	The dad think the prince.
The dads think the prince.	The dads thinks the prince.
The dad thinks the prince.	The dads thinks the prince.
The dads think the prince.	The dad think the prince.
The dad thinks the princess.	The dad think the princess.
The dads think the princess.	The dads thinks the princess.
The dad thinks the princess.	The dads thinks the princess.
The dads think the princess.	The dad think the princess.
The dad thinks the sister.	The dad think the sister.
The dads think the sister.	The dads thinks the sister.
The dad thinks the sister.	The dads thinks the sister.
The dads think the sister.	The dad think the sister.
The dad thinks the brother.	The dad think the brother.
The dads think the brother.	The dads thinks the brother.
The dad thinks the brother.	The dads thinks the brother.
The dads think the brother.	The dad think the brother.
The girl thinks the mom.	The girl think the mom.
The girls think the mom.	The girls thinks the mom.
The girl thinks the mom.	The girls thinks the mom.
The girls think the mom.	The girl think the mom.
The girl thinks the dad.	The girl think the dad.
The girls think the dad.	The girls thinks the dad.
The girl thinks the dad.	The girls thinks the dad.
The girls think the dad.	The girl think the dad.
The girl thinks the boy.	The girl think the boy.
The girls think the boy.	The girls thinks the boy.
The girl thinks the boy.	The girls thinks the boy.
The girls think the boy.	The girl think the boy.
The girl thinks the man.	The girl think the man.
The girls think the man.	The girls thinks the man.
The girl thinks the man.	The girls thinks the man.
The girls think the man.	The girl think the man.
The girl thinks the woman.	The girl think the woman.
The girls think the woman.	The girls thinks the woman.
The girl thinks the woman.	The girls thinks the woman.
The girls think the woman.	The girl think the woman.
The girl thinks the prince.	The girl think the prince.
The girls think the prince.	The girls thinks the prince.
The girl thinks the prince.	The girls thinks the prince.
The girls think the prince.	The girl think the prince.
The girl thinks the princess.	The girl think the princess.
The girls think the princess.	The girls thinks the princess.
The girl thinks the princess.	The girls thinks the princess.
The girls think the princess.	The girl think the princess.
The girl thinks the sister.	The girl think the sister.
The girls think the sister.	The girls thinks the sister.
The girl thinks the sister.	The girls thinks the sister.
The girls think the sister.	The girl think the sister.
The girl thinks the brother.	The girl think the brother.
The girls think the brother.	The girls thinks the brother.
The girl thinks the brother.	The girls thinks the brother.
The girls think the brother.	The girl think the brother.
The boy thinks the mom.	The boy think the mom.
The boys think the mom.	The boys thinks the mom.
The boy thinks the mom.	The boys thinks the mom.
The boys think the mom.	The boy think the mom.
The boy thinks the dad.	The boy think the dad.
The boys think the dad.	The boys thinks the dad.
The boy thinks the dad.	The boys thinks the dad.
The boys think the dad.	The boy think the dad.
The boy thinks the girl.	The boy think the girl.
The boys think the girl.	The boys thinks the girl.
The boy thinks the girl.	The boys thinks the girl.
The boys think the girl.	The boy think the girl.
The boy thinks the man.	The boy think the man.
The boys think the man.	The boys thinks the man.
The boy thinks the man.	The boys thinks the man.
The boys think the man.	The boy think the man.
The boy thinks the woman.	The boy think the woman.
The boys think the woman.	The boys thinks the woman.
The boy thinks the woman.	The boys thinks the woman.
The boys think the woman.	The boy think the woman.
The boy thinks the prince.	The boy think the prince.
The boys think the prince.	The boys thinks the prince.
The boy thinks the prince.	The boys thinks the prince.
The boys think the prince.	The boy think the prince.
The boy thinks the princess.	The boy think the princess.
The boys think the princess.	The boys thinks the princess.
The boy thinks the princess.	The boys thinks the princess.
The boys think the princess.	The boy think the princess.
The boy thinks the sister.	The boy think the sister.
The boys think the sister.	The boys thinks the sister.
The boy thinks the sister.	The boys thinks the sister.
The boys think the sister.	The boy think the sister.
The boy thinks the brother.	The boy think the brother.
The boys think the brother.	The boys thinks the brother.
The boy thinks the brother.	The boys thinks the brother.
The boys think the brother.	The boy think the brother.
The man thinks the mom.	The man think the mom.
The men think the mom.	The men thinks the mom.
The man thinks the mom.	The men thinks the mom.
The men think the mom.	The man think the mom.
The man thinks the dad.	The man think the dad.
The men think the dad.	The men thinks the dad.
The man thinks the dad.	The men thinks the dad.
The men think the dad.	The man think the dad.
The man thinks the girl.	The man think the girl.
The men think the girl.	The men thinks the girl.
The man thinks the girl.	The men thinks the girl.
The men think the girl.	The man think the girl.
The man thinks the boy.	The man think the boy.
The men think the boy.	The men thinks the boy.
The man thinks the boy.	The men thinks the boy.
The men think the boy.	The man think the boy.
The man thinks the woman.	The man think the woman.
The men think the woman.	The men thinks the woman.
The man thinks the woman.	The men thinks the woman.
The men think the woman.	The man think the woman.
The man thinks the prince.	The man think the prince.
The men think the prince.	The men thinks the prince.
The man thinks the prince.	The men thinks the prince.
The men think the prince.	The man think the prince.
The man thinks the princess.	The man think the princess.
The men think the princess.	The men thinks the princess.
The man thinks the princess.	The men thinks the princess.
The men think the princess.	The man think the princess.
The man thinks the sister.	The man think the sister.
The men think the sister.	The men thinks the sister.
The man thinks the sister.	The men thinks the sister.
The men think the sister.	The man think the sister.
The man thinks the brother.	The man think the brother.
The men think the brother.	The men thinks the brother.
The man thinks the brother.	The men thinks the brother.
The men think the brother.	The man think the brother.
The woman thinks the mom.	The woman think the mom.
The women think the mom.	The women thinks the mom.
The woman thinks the mom.	The women thinks the mom.
The women think the mom.	The woman think the mom.
The woman thinks the dad.	The woman think the dad.
The women think the dad.	The women thinks the dad.
The woman thinks the dad.	The women thinks the dad.
The women think the dad.	The woman think the dad.
The woman thinks the girl.	The woman think the girl.
The women think the girl.	The women thinks the girl.
The woman thinks the girl.	The women thinks the girl.
The women think the girl.	The woman think the girl.
The woman thinks the boy.	The woman think the boy.
The women think the boy.	The women thinks the boy.
The woman thinks the boy.	The women thinks the boy.
The women think the boy.	The woman think the boy.
The woman thinks the man.	The woman think the man.
The women think the man.	The women thinks the man.
The woman thinks the man.	The women thinks the man.
The women think the man.	The woman think the man.
The woman thinks the prince.	The woman think the prince.
The women think the prince.	The women thinks the prince.
The woman thinks the prince.	The women thinks the prince.
The women think the prince.	The woman think the prince.
The woman thinks the princess.	The woman think the princess.
The women think the princess.	The women thinks the princess.
The woman thinks the princess.	The women thinks the princess.
The women think the princess.	The woman think the princess.
The woman thinks the sister.	The woman think the sister.
The women think the sister.	The women thinks the sister.
The woman thinks the sister.	The women thinks the sister.
The women think the sister.	The woman think the sister.
The woman thinks the brother.	The woman think the brother.
The women think the brother.	The women thinks the brother.
The woman thinks the brother.	The women thinks the brother.
The women think the brother.	The woman think the brother.
The prince thinks the mom.	The prince think the mom.
The princes think the mom.	The princes thinks the mom.
The prince thinks the mom.	The princes thinks the mom.
The princes think the mom.	The prince think the mom.
The prince thinks the dad.	The prince think the dad.
The princes think the dad.	The princes thinks the dad.
The prince thinks the dad.	The princes thinks the dad.
The princes think the dad.	The prince think the dad.
The prince thinks the girl.	The prince think the girl.
The princes think the girl.	The princes thinks the girl.
The prince thinks the girl.	The princes thinks the girl.
The princes think the girl.	The prince think the girl.
The prince thinks the boy.	The prince think the boy.
The princes think the boy.	The princes thinks the boy.
The prince thinks the boy.	The princes thinks the boy.
The princes think the boy.	The prince think the boy.
The prince thinks the man.	The prince think the man.
The princes think the man.	The princes thinks the man.
The prince thinks the man.	The princes thinks the man.
The princes think the man.	The prince think the man.
The prince thinks the woman.	The prince think the woman.
The princes think the woman.	The princes thinks the woman.
The prince thinks the woman.	The princes thinks the woman.
The princes think the woman.	The prince think the woman.
The prince thinks the princess.	The prince think the princess.
The princes think the princess.	The princes thinks the princess.
The prince thinks the princess.	The princes thinks the princess.
The princes think the princess.	The prince think the princess.
The prince thinks the sister.	The prince think the sister.
The princes think the sister.	The princes thinks the sister.
The prince thinks the sister.	The princes thinks the sister.
The princes think the sister.	The prince think the sister.
The prince thinks the brother.	The prince think the brother.
The princes think the brother.	The princes thinks the brother.
The prince thinks the brother.	The princes thinks the brother.
The princes think the brother.	The prince think the brother.
The princess thinks the mom.	The princess think the mom.
The princesses think the mom.	The princesses thinks the mom.
The princess thinks the mom.	The princesses thinks the mom.
The princesses think the mom.	The princess think the mom.
The princess thinks the dad.	The princess think the dad.
The princesses think the dad.	The princesses thinks the dad.
The princess thinks the dad.	The princesses thinks the dad.
The princesses think the dad.	The princess think the dad.
The princess thinks the girl.	The princess think the girl.
The princesses think the girl.	The princesses thinks the girl.
The princess thinks the girl.	The princesses thinks the girl.
The princesses think the girl.	The princess think the girl.
The princess thinks the boy.	The princess think the boy.
The princesses think the boy.	The princesses thinks the boy.
The princess thinks the boy.	The princesses thinks the boy.
The princesses think the boy.	The princess think the boy.
The princess thinks the man.	The princess think the man.
The princesses think the man.	The princesses thinks the man.
The princess thinks the man.	The princesses thinks the man.
The princesses think the man.	The princess think the man.
The princess thinks the woman.	The princess think the woman.
The princesses think the woman.	The princesses thinks the woman.
The princess thinks the woman.	The princesses thinks the woman.
The princesses think the woman.	The princess think the woman.
The princess thinks the prince.	The princess think the prince.
The princesses think the prince.	The princesses thinks the prince.
The princess thinks the prince.	The princesses thinks the prince.
The princesses think the prince.	The princess think the prince.
The princess thinks the sister.	The princess think the sister.
The princesses think the sister.	The princesses thinks the sister.
The princess thinks the sister.	The princesses thinks the sister.
The princesses think the sister.	The princess think the sister.
The princess thinks the brother.	The princess think the brother.
The princesses think the brother.	The princesses thinks the brother.
The princess thinks the brother.	The princesses thinks the brother.
The princesses think the brother.	The princess think the brother.
The sister thinks the mom.	The sister think the mom.
The sisters think the mom.	The sisters thinks the mom.
The sister thinks the mom.	The sisters thinks the mom.
The sisters think the mom.	The sister think the mom.
The sister thinks the dad.	The sister think the dad.
The sisters think the dad.	The sisters thinks the dad.
The sister thinks the dad.	The sisters thinks the dad.
The sisters think the dad.	The sister think the dad.
The sister thinks the girl.	The sister think the girl.
The sisters think the girl.	The sisters thinks the girl.
The sister thinks the girl.	The sisters thinks the girl.
The sisters think the girl.	The sister think the girl.
The sister thinks the boy.	The sister think the boy.
The sisters think the boy.	The sisters thinks the boy.
The sister thinks the boy.	The sisters thinks the boy.
The sisters think the boy.	The sister think the boy.
The sister thinks the man.	The sister think the man.
The sisters think the man.	The sisters thinks the man.
The sister thinks the man.	The sisters thinks the man.
The sisters think the man.	The sister think the man.
The sister thinks the woman.	The sister think the woman.
The sisters think the woman.	The sisters thinks the woman.
The sister thinks the woman.	The sisters thinks the woman.
The sisters think the woman.	The sister think the woman.
The sister thinks the prince.	The sister think the prince.
The sisters think the prince.	The sisters thinks the prince.
The sister thinks the prince.	The sisters thinks the prince.
The sisters think the prince.	The sister think the prince.
The sister thinks the princess.	The sister think the princess.
The sisters think the princess.	The sisters thinks the princess.
The sister thinks the princess.	The sisters thinks the princess.
The sisters think the princess.	The sister think the princess.
The sister thinks the brother.	The sister think the brother.
The sisters think the brother.	The sisters thinks the brother.
The sister thinks the brother.	The sisters thinks the brother.
The sisters think the brother.	The sister think the brother.
The brother thinks the mom.	The brother think the mom.
The brothers think the mom.	The brothers thinks the mom.
The brother thinks the mom.	The brothers thinks the mom.
The brothers think the mom.	The brother think the mom.
The brother thinks the dad.	The brother think the dad.
The brothers think the dad.	The brothers thinks the dad.
The brother thinks the dad.	The brothers thinks the dad.
The brothers think the dad.	The brother think the dad.
The brother thinks the girl.	The brother think the girl.
The brothers think the girl.	The brothers thinks the girl.
The brother thinks the girl.	The brothers thinks the girl.
The brothers think the girl.	The brother think the girl.
The brother thinks the boy.	The brother think the boy.
The brothers think the boy.	The brothers thinks the boy.
The brother thinks the boy.	The brothers thinks the boy.
The brothers think the boy.	The brother think the boy.
The brother thinks the man.	The brother think the man.
The brothers think the man.	The brothers thinks the man.
The brother thinks the man.	The brothers thinks the man.
The brothers think the man.	The brother think the man.
The brother thinks the woman.	The brother think the woman.
The brothers think the woman.	The brothers thinks the woman.
The brother thinks the woman.	The brothers thinks the woman.
The brothers think the woman.	The brother think the woman.
The brother thinks the prince.	The brother think the prince.
The brothers think the prince.	The brothers thinks the prince.
The brother thinks the prince.	The brothers thinks the prince.
The brothers think the prince.	The brother think the prince.
The brother thinks the princess.	The brother think the princess.
The brothers think the princess.	The brothers thinks the princess.
The brother thinks the princess.	The brothers thinks the princess.
The brothers think the princess.	The brother think the princess.
The brother thinks the sister.	The brother think the sister.
The brothers think the sister.	The brothers thinks the sister.
The brother thinks the sister.	The brothers thinks the sister.
The brothers think the sister.	The brother think the sister.
The mom finds the dad.	The mom find the dad.
The moms find the dad.	The moms finds the dad.
The mom finds the dad.	The moms finds the dad.
The moms find the dad.	The mom find the dad.
The mom finds the girl.	The mom find the girl.
The moms find the girl.	The moms finds the girl.
The mom finds the girl.	The moms finds the girl.
The moms find the girl.	The mom find the girl.
The mom finds the boy.	The mom find the boy.
The moms find the boy.	The moms finds the boy.
The mom finds the boy.	The moms finds the boy.
The moms find the boy.	The mom find the boy.
The mom finds the man.	The mom find the man.
The moms find the man.	The moms finds the man.
The mom finds the man.	The moms finds the man.
The moms find the man.	The mom find the man.
The mom finds the woman.	The mom find the woman.
The moms find the woman.	The moms finds the woman.
The mom finds the woman.	The moms finds the woman.
The moms find the woman.	The mom find the woman.
The mom finds the prince.	The mom find the prince.
The moms find the prince.	The moms finds the prince.
The mom finds the prince.	The moms finds the prince.
The moms find the prince.	The mom find the prince.
The mom finds the princess.	The mom find the princess.
The moms find the princess.	The moms finds the princess.
The mom finds the princess.	The moms finds the princess.
The moms find the princess.	The mom find the princess.
The mom finds the sister.	The mom find the sister.
The moms find the sister.	The moms finds the sister.
The mom finds the sister.	The moms finds the sister.
The moms find the sister.	The mom find the sister.
The mom finds the brother.	The mom find the brother.
The moms find the brother.	The moms finds the brother.
The mom finds the brother.	The moms finds the brother.
The moms find the brother.	The mom find the brother.
The dad finds the mom.	The dad find the mom.
The dads find the mom.	The dads finds the mom.
The dad finds the mom.	The dads finds the mom.
The dads find the mom.	The dad find the mom.
The dad finds the girl.	The dad find the girl.
The dads find the girl.	The dads finds the girl.
The dad finds the girl.	The dads finds the girl.
The dads find the girl.	The dad find the girl.
The dad finds the boy.	The dad find the boy.
The dads find the boy.	The dads finds the boy.
The dad finds the boy.	The dads finds the boy.
The dads find the boy.	The dad find the boy.
The dad finds the man.	The dad find the man.
The dads find the man.	The dads finds the man.
The dad finds the man.	The dads finds the man.
The dads find the man.	The dad find the man.
The dad finds the woman.	The dad find the woman.
The dads find the woman.	The dads finds the woman.
The dad finds the woman.	The dads finds the woman.
The dads find the woman.	The dad find the woman.
The dad finds the prince.	The dad find the prince.
The dads find the prince.	The dads finds the prince.
The dad finds the prince.	The dads finds the prince.
The dads find the prince.	The dad find the prince.
The dad finds the princess.	The dad find the princess.
The dads find the princess.	The dads finds the princess.
The dad finds the princess.	The dads finds the princess.
The dads find the princess.	The dad find the princess.
The dad finds the sister.	The dad find the sister.
The dads find the sister.	The dads finds the sister.
The dad finds the sister.	The dads finds the sister.
The dads find the sister.	The dad find the sister.
The dad finds the brother.	The dad find the brother.
The dads find the brother.	The dads finds the brother.
The dad finds the brother.	The dads finds the brother.
The dads find the brother.	The dad find the brother.
The girl finds the mom.	The girl find the mom.
The girls find the mom.	The girls finds the mom.
The girl finds the mom.	The girls finds the mom.
The girls find the mom.	The girl find the mom.
The girl finds the dad.	The girl find the dad.
The girls find the dad.	The girls finds the dad.
The girl finds the dad.	The girls finds the dad.
The girls find the dad.	The girl find the dad.
The girl finds the boy.	The girl find the boy.
The girls find the boy.	The girls finds the boy.
The girl finds the boy.	The girls finds the boy.
The girls find the boy.	The girl find the boy.
The girl finds the man.	The girl find the man.
The girls find the man.	The girls finds the man.
The girl finds the man.	The girls finds the man.
The girls find the man.	The girl find the man.
The girl finds the woman.	The girl find the woman.
The girls find the woman.	The girls finds the woman.
The girl finds the woman.	The girls finds the woman.
The girls find the woman.	The girl find the woman.
The girl finds the prince.	The girl find the prince.
The girls find the prince.	The girls finds the prince.
The girl finds the prince.	The girls finds the prince.
The girls find the prince.	The girl find the prince.
The girl finds the princess.	The girl find the princess.
The girls find the princess.	The girls finds the princess.
The girl finds the princess.	The girls finds the princess.
The girls find the princess.	The girl find the princess.
The girl finds the sister.	The girl find the sister.
The girls find the sister.	The girls finds the sister.
The girl finds the sister.	The girls finds the sister.
The girls find the sister.	The girl find the sister.
The girl finds the brother.	The girl find the brother.
The girls find the brother.	The girls finds the brother.
The girl finds the brother.	The girls finds the brother.
The girls find the brother.	The girl find the brother.
The boy finds the mom.	The boy find the mom.
The boys find the mom.	The boys finds the mom.
The boy finds the mom.	The boys finds the mom.
The boys find the mom.	The boy find the mom.
The boy finds the dad.	The boy find the dad.
The boys find the dad.	The boys finds the dad.
The boy finds the dad.	The boys finds the dad.
The boys find the dad.	The boy find the dad.
The boy finds the girl.	The boy find the girl.
The boys find the girl.	The boys finds the girl.
The boy finds the girl.	The boys finds the girl.
The boys find the girl.	The boy find the girl.
The boy finds the man.	The boy find the man.
The boys find the man.	The boys finds the man.
The boy finds the man.	The boys finds the man.
The boys find the man.	The boy find the man.
The boy finds the woman.	The boy find the woman.
The boys find the woman.	The boys finds the woman.
The boy finds the woman.	The boys finds the woman.
The boys find the woman.	The boy find the woman.
The boy finds the prince.	The boy find the prince.
The boys find the prince.	The boys finds the prince.
The boy finds the prince.	The boys finds the prince.
The boys find the prince.	The boy find the prince.
The boy finds the princess.	The boy find the princess.
The boys find the princess.	The boys finds the princess.
The boy finds the princess.	The boys finds the princess.
The boys find the princess.	The boy find the princess.
The boy finds the sister.	The boy find the sister.
The boys find the sister.	The boys finds the sister.
The boy finds the sister.	The boys finds the sister.
The boys find the sister.	The boy find the sister.
The boy finds the brother.	The boy find the brother.
The boys find the brother.	The boys finds the brother.
The boy finds the brother.	The boys finds the brother.
The boys find the brother.	The boy find the brother.
The man finds the mom.	The man find the mom.
The men find the mom.	The men finds the mom.
The man finds the mom.	The men finds the mom.
The men find the mom.	The man find the mom.
The man finds the dad.	The man find the dad.
The men find the dad.	The men finds the dad.
The man finds the dad.	The men finds the dad.
The men find the dad.	The man find the dad.
The man finds the girl.	The man find the girl.
The men find the girl.	The men finds the girl.
The man finds the girl.	The men finds the girl.
The men find the girl.	The man find the girl.
The man finds the boy.	The man find the boy.
The men find the boy.	The men finds the boy.
The man finds the boy.	The men finds the boy.
The men find the boy.	The man find the boy.
The man finds the woman.	The man find the woman.
The men find the woman.	The men finds the woman.
The man finds the woman.	The men finds the woman.
The men find the woman.	The man find the woman.
The man finds the prince.	The man find the prince.
The men find the prince.	The men finds the prince.
The man finds the prince.	The men finds the prince.
The men find the prince.	The man find the prince.
The man finds the princess.	The man find the princess.
The men find the princess.	The men finds the princess.
The man finds the princess.	The men finds the princess.
The men find the princess.	The man find the princess.
The man finds the sister.	The man find the sister.
The men find the sister.	The men finds the sister.
The man finds the sister.	The men finds the sister.
The men find the sister.	The man find the sister.
The man finds the brother.	The man find the brother.
The men find the brother.	The men finds the brother.
The man finds the brother.	The men finds the brother.
The men find the brother.	The man find the brother.
The woman finds the mom.	The woman find the mom.
The women find the mom.	The women finds the mom.
The woman finds the mom.	The women finds the mom.
The women find the mom.	The woman find the mom.
The woman finds the dad.	The woman find the dad.
The women find the dad.	The women finds the dad.
The woman finds the dad.	The women finds the dad.
The women find the dad.	The woman find the dad.
The woman finds the girl.	The woman find the girl.
The women find the girl.	The women finds the girl.
The woman finds the girl.	The women finds the girl.
The women find the girl.	The woman find the girl.
The woman finds the boy.	The woman find the boy.
The women find the boy.	The women finds the boy.
The woman finds the boy.	The women finds the boy.
The women find the boy.	The woman find the boy.
The woman finds the man.	The woman find the man.
The women find the man.	The women finds the man.
The woman finds the man.	The women finds the man.
The women find the man.	The woman find the man.
The woman finds the prince.	The woman find the prince.
The women find the prince.	The women finds the prince.
The woman finds the prince.	The women finds the prince.
The women find the prince.	The woman find the prince.
The woman finds the princess.	The woman find the princess.
The women find the princess.	The women finds the princess.
The woman finds the princess.	The women finds the princess.
The women find the princess.	The woman find the princess.
The woman finds the sister.	The woman find the sister.
The women find the sister.	The women finds the sister.
The woman finds the sister.	The women finds the sister.
The women find the sister.	The woman find the sister.
The woman finds the brother.	The woman find the brother.
The women find the brother.	The women finds the brother.
The woman finds the brother.	The women finds the brother.
The women find the brother.	The woman find the brother.
The prince finds the mom.	The prince find the mom.
The princes find the mom.	The princes finds the mom.
The prince finds the mom.	The princes finds the mom.
The princes find the mom.	The prince find the mom.
The prince finds the dad.	The prince find the dad.
The princes find the dad.	The princes finds the dad.
The prince finds the dad.	The princes finds the dad.
The princes find the dad.	The prince find the dad.
The prince finds the girl.	The prince find the girl.
The princes find the girl.	The princes finds the girl.
The prince finds the girl.	The princes finds the girl.
The princes find the girl.	The prince find the girl.
The prince finds the boy.	The prince find the boy.
The princes find the boy.	The princes finds the boy.
The prince finds the boy.	The princes finds the boy.
The princes find the boy.	The prince find the boy.
The prince finds the man.	The prince find the man.
The princes find the man.	The princes finds the man.
The prince finds the man.	The princes finds the man.
The princes find the man.	The prince find the man.
The prince finds the woman.	The prince find the woman.
The princes find the woman.	The princes finds the woman.
The prince finds the woman.	The princes finds the woman.
The princes find the woman.	The prince find the woman.
The prince finds the princess.	The prince find the princess.
The princes find the princess.	The princes finds the princess.
The prince finds the princess.	The princes finds the princess.
The princes find the princess.	The prince find the princess.
The prince finds the sister.	The prince find the sister.
The princes find the sister.	The princes finds the sister.
The prince finds the sister.	The princes finds the sister.
The princes find the sister.	The prince find the sister.
The prince finds the brother.	The prince find the brother.
The princes find the brother.	The princes finds the brother.
The prince finds the brother.	The princes finds the brother.
The princes find the brother.	The prince find the brother.
The princess finds the mom.	The princess find the mom.
The princesses find the mom.	The princesses finds the mom.
The princess finds the mom.	The princesses finds the mom.
The princesses find the mom.	The princess find the mom.
The princess finds the dad.	The princess find the dad.
The princesses find the dad.	The princesses finds the dad.
The princess finds the dad.	The princesses finds the dad.
The princesses find the dad.	The princess find the dad.
The princess finds the girl.	The princess find the girl.
The princesses find the girl.	The princesses finds the girl.
The princess finds the girl.	The princesses finds the girl.
The princesses find the girl.	The princess find the girl.
The princess finds the boy.	The princess find the boy.
The princesses find the boy.	The princesses finds the boy.
The princess finds the boy.	The princesses finds the boy.
The princesses find the boy.	The princess find the boy.
The princess finds the man.	The princess find the man.
The princesses find the man.	The princesses finds the man.
The princess finds the man.	The princesses finds the man.
The princesses find the man.	The princess find the man.
The princess finds the woman.	The princess find the woman.
The princesses find the woman.	The princesses finds the woman.
The princess finds the woman.	The princesses finds the woman.
The princesses find the woman.	The princess find the woman.
The princess finds the prince.	The princess find the prince.
The princesses find the prince.	The princesses finds the prince.
The princess finds the prince.	The princesses finds the prince.
The princesses find the prince.	The princess find the prince.
The princess finds the sister.	The princess find the sister.
The princesses find the sister.	The princesses finds the sister.
The princess finds the sister.	The princesses finds the sister.
The princesses find the sister.	The princess find the sister.
The princess finds the brother.	The princess find the brother.
The princesses find the brother.	The princesses finds the brother.
The princess finds the brother.	The princesses finds the brother.
The princesses find the brother.	The princess find the brother.
The sister finds the mom.	The sister find the mom.
The sisters find the mom.	The sisters finds the mom.
The sister finds the mom.	The sisters finds the mom.
The sisters find the mom.	The sister find the mom.
The sister finds the dad.	The sister find the dad.
The sisters find the dad.	The sisters finds the dad.
The sister finds the dad.	The sisters finds the dad.
The sisters find the dad.	The sister find the dad.
The sister finds the girl.	The sister find the girl.
The sisters find the girl.	The sisters finds the girl.
The sister finds the girl.	The sisters finds the girl.
The sisters find the girl.	The sister find the girl.
The sister finds the boy.	The sister find the boy.
The sisters find the boy.	The sisters finds the boy.
The sister finds the boy.	The sisters finds the boy.
The sisters find the boy.	The sister find the boy.
The sister finds the man.	The sister find the man.
The sisters find the man.	The sisters finds the man.
The sister finds the man.	The sisters finds the man.
The sisters find the man.	The sister find the man.
The sister finds the woman.	The sister find the woman.
The sisters find the woman.	The sisters finds the woman.
The sister finds the woman.	The sisters finds the woman.
The sisters find the woman.	The sister find the woman.
The sister finds the prince.	The sister find the prince.
The sisters find the prince.	The sisters finds the prince.
The sister finds the prince.	The sisters finds the prince.
The sisters find the prince.	The sister find the prince.
The sister finds the princess.	The sister find the princess.
The sisters find the princess.	The sisters finds the princess.
The sister finds the princess.	The sisters finds the princess.
The sisters find the princess.	The sister find the princess.
The sister finds the brother.	The sister find the brother.
The sisters find the brother.	The sisters finds the brother.
The sister finds the brother.	The sisters finds the brother.
The sisters find the brother.	The sister find the brother.
The brother finds the mom.	The brother find the mom.
The brothers find the mom.	The brothers finds the mom.
The brother finds the mom.	The brothers finds the mom.
The brothers find the mom.	The brother find the mom.
The brother finds the dad.	The brother find the dad.
The brothers find the dad.	The brothers finds the dad.
The brother finds the dad.	The brothers finds the dad.
The brothers find the dad.	The brother find the dad.
The brother finds the girl.	The brother find the girl.
The brothers find the girl.	The brothers finds the girl.
The brother finds the girl.	The brothers finds the girl.
The brothers find the girl.	The brother find the girl.
The brother finds the boy.	The brother find the boy.
The brothers find the boy.	The brothers finds the boy.
The brother finds the boy.	The brothers finds the boy.
The brothers find the boy.	The brother find the boy.
The brother finds the man.	The brother find the man.
The brothers find the man.	The brothers finds the man.
The brother finds the man.	The brothers finds the man.
The brothers find the man.	The brother find the man.
The brother finds the woman.	The brother find the woman.
The brothers find the woman.	The brothers finds the woman.
The brother finds the woman.	The brothers finds the woman.
The brothers find the woman.	The brother find the woman.
The brother finds the prince.	The brother find the prince.
The brothers find the prince.	The brothers finds the prince.
The brother finds the prince.	The brothers finds the prince.
The brothers find the prince.	The brother find the prince.
The brother finds the princess.	The brother find the princess.
The brothers find the princess.	The brothers finds the princess.
The brother finds the princess.	The brothers finds the princess.
The brothers find the princess.	The brother find the princess.
The brother finds the sister.	The brother find the sister.
The brothers find the sister.	The brothers finds the sister.
The brother finds the sister.	The brothers finds the sister.
The brothers find the sister.	The brother find the sister.
